teryt;gmina;powiat;wojewodztwo;numer;mieszkancy;wyborcy;pakiety;siedziba;miejscowosc;ulica;nr_posesji;nr_lokalu;kod_pocztowy;poczta;typ_obwodu;dla_niepelnosprawnych;typ_obszaru;pelna_siedziba;opis_granic
246901;m. Katowice;Katowice;śląskie;1;2766;2189;3;Szkoła Podstawowa Nr 9;Katowice;ul. Panewnicka;172;;40-772;Katowice;stały;Tak;miasto;Szkoła Podstawowa Nr 9, ul. Panewnicka 172, 40-772 Katowice;ul.: Bałtycka, Cienista, Jęczmienna, Koszykowa, Kuźnicka, Łąkowa, Owsiana, Panewnicka od nr 250 do końca parzyste, od nr 335 do końca nieparzyste, Śmiłowicka, Ustronna.
246901;m. Katowice;Katowice;śląskie;2;2523;1933;3;Szkoła Podstawowa nr 9;Katowice;ul. Panewnicka;172;;40-772;Katowice;stały;Tak;miasto;Szkoła Podstawowa nr 9, ul. Panewnicka 172, 40-772 Katowice;ul.: gen. Józefa Bema, bł. Edmunda Bojanowskiego, Gorzycka, Gromadzka, Japońska, Panewnicka od nr 148 do nr 248 parzyste, od nr 115 do nr 333 nieparzyste, Partyzantów, Rzeczna, Smoleńska, Twarda, Wietnamska, Wymysłów, Wymysłów Tylna, Zamiejska, Ziembowa.
246901;m. Katowice;Katowice;śląskie;3;2039;1696;0;Zespół Szkolno-Przedszkolny nr 20;Katowice;ul. Zielona;5;;40-756;Katowice;stały;Tak;miasto;Zespół Szkolno-Przedszkolny nr 20, ul. Zielona 5, 40-756 Katowice;ul.: Jutrzenki, Krucza, Łanowa, Włodzimierza Majakowskiego, Nad Strumieniem, Sielska, Szafirowa, Szojdy, Urocza, Józefa Wybickiego, Wyzwolenia, Zielona.
246901;m. Katowice;Katowice;śląskie;4;2242;1901;1;Zespół Szkolno-Przedszkolny nr 20;Katowice;ul. Zielona;5;;40-756;Katowice;stały;Tak;miasto;Zespół Szkolno-Przedszkolny nr 20, ul. Zielona 5, 40-756 Katowice;ul.: Braci Mniejszych, Stanisława Hadyny, Kijowska.
246901;m. Katowice;Katowice;śląskie;5;1352;1133;0;Zespół Szkolno-Przedszkolny nr 20;Katowice;ul. Zielona;5;;40-756;Katowice;stały;Tak;miasto;Zespół Szkolno-Przedszkolny nr 20, ul. Zielona 5, 40-756 Katowice;ul.: Karola Grzesika, Jana Heweliusza, Mała, Ogrodowa od nr 1 do nr 37B, Józefa Płochy, Radomska.
246901;m. Katowice;Katowice;śląskie;6;1862;1724;0;Zespół Szkolno-Przedszkolny nr 18;Katowice;ul. Medyków;27;;40-751;Katowice;stały;Tak;miasto;Zespół Szkolno-Przedszkolny nr 18, ul. Medyków 27, 40-751 Katowice;ul.: Braci Wieczorków, Bronisławy, Jana Karola Chodkiewicza, Cieszyńska, Plac profesora Kornela Gibińskiego, Kazimierza Wielkiego, Kokociniec, Koreańska, Ludowa, Medyków, Nizinna, Panewnicka od nr 96 do nr 146 parzyste, od nr 73 do nr 113A nieparzyste, Wilhelma Rogosza, Rybacka, Stolarska, Studencka, Ustrońska, Warmińska, Wczasowa od nr 14 do końca, Tadeusza Zarańskiego, Generała Mariusza Zaruskiego.
246901;m. Katowice;Katowice;śląskie;7;2625;2343;5;VII Liceum Ogólnokształcące;Katowice;ul. Panewnicka;13;;40-709;Katowice;stały;Tak;miasto;VII Liceum Ogólnokształcące, ul. Panewnicka 13, 40-709 Katowice;ul.: Braci Wolnych, Plac Klasztorny, Koszalińska, Książęca, Plac Miast Partnerskich, Ostrawska, Panewnicka od nr 1 do nr 13 nieparzyste, od nr 30 do nr 90A parzyste, Piotrowicka od nr 34 do nr 50C parzyste, od nr 45 do końca nieparzyste, Przy Dworcu, Biskupa Tadeusza Szurmana, Zagrody, Związkowa.
246901;m. Katowice;Katowice;śląskie;8;2159;1731;1;VII Liceum Ogólnokształcące;Katowice;ul. Panewnicka;13;;40-709;Katowice;stały;Tak;miasto;VII Liceum Ogólnokształcące, ul. Panewnicka 13, 40-709 Katowice;ul.: Ojca Karola Bika, ks. bpa Teofila Bromboszcza, Emerytalna, Franciszkańska, Grunwaldzka, Plac Księdza Rafała Grzondziela, Panewnicka od nr 2 do nr 28 parzyste, od nr 21 do nr 67 nieparzyste, Piotrowicka od nr 58 do końca parzyste, Smolna, Plac O. Justyna Widucha, Stefana Żeromskiego.
246901;m. Katowice;Katowice;śląskie;9;1929;1639;1;Zespół Szkolno-Przedszkolny nr 15;Katowice;ul. Zielonogórska;3;;40-710;Katowice;stały;Tak;miasto;Zespół Szkolno-Przedszkolny nr 15, ul. Zielonogórska 3, 40-710 Katowice;ul.: Kaszubska, Mazowiecka, Mazurska, Słupska od nr 18 do końca parzyste, od nr 15 do końca nieparzyste, Świdnicka nr nieparzyste, Zielonogórska.
246901;m. Katowice;Katowice;śląskie;10;1713;1498;0;Zespół Szkolno-Przedszkolny nr 14;Katowice;ul. Zielonogórska;23;;40-710;Katowice;stały;Tak;miasto;Zespół Szkolno-Przedszkolny nr 14, ul. Zielonogórska 23, 40-710 Katowice;ul.: Huculska, Kołobrzeska, Komunalna, Małopolska, Słupska od nr 1 do nr 14, Świdnicka nr parzyste, Wielkopolska.
246901;m. Katowice;Katowice;śląskie;11;978;798;2;Szkoła Podstawowa nr 61 Specjalna;Katowice;ul. Kołobrzeska;8;;40-718;Katowice;stały;Tak;miasto;Szkoła Podstawowa nr 61 Specjalna, ul. Kołobrzeska 8, 40-718 Katowice;ul.: Piotrowicka od nr 17 do nr 39 nieparzyste, Poleska, Pomorska, Śląska od nr 4 do końca parzyste, od nr 3 do nr 41A nieparzyste, Wileńska.
246901;m. Katowice;Katowice;śląskie;12;1501;1248;1;Zespół Szkolno-Przedszkolny nr 14;Katowice;ul. Kołobrzeska;20A;;40-718;Katowice;stały;Nie;miasto;Zespół Szkolno-Przedszkolny nr 14, ul. Kołobrzeska 20A, 40-718 Katowice;ul.: Bieszczadzka, Gajowa, Harcerska, Komandorska, Piotrowicka od nr 1 do nr 13 nieparzyste, od nr 14 do nr 32 parzyste, Zadole.
246901;m. Katowice;Katowice;śląskie;13;1372;1160;1;Zespół Szkolno-Przedszkolny nr 14;Katowice;ul. Zadole;26A;;40-719;Katowice;stały;Tak;miasto;Zespół Szkolno-Przedszkolny nr 14, ul. Zadole 26A, 40-719 Katowice;ul.: Gdańska, Gorzowska.
246901;m. Katowice;Katowice;śląskie;14;1371;1222;2;Szkoła Podstawowa nr 11;Katowice;ul. Nasypowa;16;;40-551;Katowice;stały;Nie;miasto;Szkoła Podstawowa nr 11, ul. Nasypowa 16, 40-551 Katowice;ul.: Zbigniewa Cybulskiego, gen. Zygmunta Waltera Jankego od nr 1 do nr 13 nieparzyste, Tadeusza Kalinowskiego, Jana Kiepury, Kolejowa od nr 1 do nr 53 nieparzyste, Tadeusza Kościuszki od nr 193 do nr 229 nieparzyste, Kłodnicka, Bolesława Mierzejewskiego, Kazimierza Opalińskiego, Rzepakowa, Aleksandra Rzeszótki, Tadeusza Saloniego, Sienna, Stara Kłodnicka, Stefana Stoińskiego, Warzywna, Żytnia.
246901;m. Katowice;Katowice;śląskie;15;1797;1454;0;"Ośrodek Rekreacyjno-Wypoczynkowy ""Zadole""";Katowice;ul. Wczasowa;8;;40-694;Katowice;stały;Tak;miasto;"Ośrodek Rekreacyjno-Wypoczynkowy ""Zadole"", ul. Wczasowa 8, 40-694 Katowice";ul.: Armii Krajowej od nr 1 do nr 53, Adama Asnyka, Borówkowa, Chełmska, Jeżynowa, Kosynierów, Tadeusza Kościuszki od nr 231 do końca nieparzyste, Malinowa, Małachowskiego od nr 30 do nr 32 parzyste, od nr 41 do nr 55 nieparzyste, Zygmunta Noskowskiego, Paproci, Park Zadole, Polarna, Poziomkowa, Skrzypów, Traktorzystów, Wczasowa od nr 1 do nr 8, Widłaków, Żołnierska.
246901;m. Katowice;Katowice;śląskie;16;1288;1119;0;Zespół Szkolno-Przedszkolny nr 2;Katowice;ul. Mariana Sobańskiego;86;;40-685;Katowice;stały;Tak;miasto;Zespół Szkolno-Przedszkolny nr 2, ul. Mariana Sobańskiego 86, 40-685 Katowice;ul.: Michała Gierlotki od nr 2 do nr 28 parzyste, gen. Zygmunta Waltera Jankego od nr 186 do końca parzyste, od nr 181 do końca nieparzyste, Wincentego Kadłubka, Tadeusza Kościuszki od nr 328 do nr 348 parzyste, Mariana Sobańskiego, Władysława Sobocińskiego, Żurawia.
246901;m. Katowice;Katowice;śląskie;17;2943;2232;2;Zespół Szkolno-Przedszkolny nr 2;Katowice;ul. Mariana Sobańskiego;86;;40-685;Katowice;stały;Tak;miasto;Zespół Szkolno-Przedszkolny nr 2, ul. Mariana Sobańskiego 86, 40-685 Katowice;ul.: Armii Krajowej od nr 90 do nr 150 parzyste, Barcelońska, Bielika, Karola Darwina, Działowa, Artura Grottgera, Góralska, Honorowych Dawców Krwi, Kasztanowa, Krogulcza, Kostki Napierskiego od nr 1 do nr 32, Niska, Orla, Orlików, Puchacza, Sępia, Sowia, Karola Szymanowskiego, Kazimierza Przerwy-Tetmajera, Tunelowa od nr 6 do nr 54 parzyste, nr nieparzyste, ks. dr. Stanisława Wilczewskiego, Wojska Polskiego od nr 2 do nr 22 parzyste, od nr 3 do nr 19 nieparzyste, Wspólna.
246901;m. Katowice;Katowice;śląskie;18;1193;988;2;Zespół Szkół Poligraficzno-Mechanicznych;Katowice;ul. Armii Krajowej;84;;40-671;Katowice;stały;Nie;miasto;Zespół Szkół Poligraficzno-Mechanicznych, ul. Armii Krajowej 84, 40-671 Katowice;ul.: Armii Krajowej od nr 60 do nr 84 parzyste, od nr 61 do nr 79 nieparzyste, Aleksandra Fredry, Michała Gierlotki od nr 15 do nr 45 nieparzyste, Głogowska od nr 1 do nr 33, Harcerzy Września 1939 r. , gen. Zygmunta Waltera Jankego od nr 122 do nr 184 parzyste, Małachowskiego od nr 2 do nr 28 parzyste, od nr 3 do nr 35 nieparzyste, Policyjna od nr 8 do nr 12 parzyste, nr 7, Poznańska, Północna, Robotnicza, Zgorzelecka.
246901;m. Katowice;Katowice;śląskie;19;2709;2289;1;Zespół Szkolno-Przedszkolny nr 21;Katowice;ul. gen. Zygmunta Waltera Jankego;160;;40-613;Katowice;stały;Tak;miasto;Zespół Szkolno-Przedszkolny nr 21, ul. gen. Zygmunta Waltera Jankego 160, 40-613 Katowice;ul.: Armii Krajowej od nr 81 do nr 189 nieparzyste, Jana Baranowicza, Aleksandra Baumgardtena, Bażantów, Chmielna, Chocimska, Gołębia, Głuszców, gen. Zygmunta Waltera Jankego od nr 111 do nr 179 nieparzyste, Konstantego Kempy, Karola Kornasa, Kostki Napierskiego od nr 33 do końca, Policyjna od nr 1 do nr 5 nieparzyste, nr 6, Arkadiusza Puchały, Albina Siekierskiego, Skotnica, Sokola, Spółdzielczości od nr 34 do końca parzyste, od nr 27 do końca nieparzyste, Alfreda Szklarskiego, ks. Jana Szurleja, Świerkowa, Wojska Polskiego od nr 24 do końca parzyste, od nr 21 do końca nieparzyste, Wronia, Wrzosowa, Załogowa, Zdrowa.
246901;m. Katowice;Katowice;śląskie;20;1917;1549;2;Zespół Szkolno-Przedszkolny nr 21;Katowice;ul. gen. Zygmunta Waltera Jankego;160;;40-613;Katowice;stały;Tak;miasto;Zespół Szkolno-Przedszkolny nr 21, ul. gen. Zygmunta Waltera Jankego 160, 40-613 Katowice;ul.: Głogowska od nr 34 do końca, gen. Zygmunta Waltera Jankego od nr 74 do nr 120 parzyste, Jastrzębia, Plac Filipa Limańskiego, Marmurowa, Pusta, Szewska, Targowa, Wilcza, Janusza A. Zajdla, Zbożowa.
246901;m. Katowice;Katowice;śląskie;21;2162;1763;5;Zespół Szkół Ogólnokształcących nr 2;Katowice;ul. gen. Zygmunta Waltera Jankego;65;;40-615;Katowice;stały;Nie;miasto;Zespół Szkół Ogólnokształcących nr 2, ul. gen. Zygmunta Waltera Jankego 65, 40-615 Katowice;ul.: Fabryczna, Glebowa, Grzybowa, Helska, Jagodowa, gen. Zygmunta Waltera Jankego od nr 8 do nr 72 parzyste, od nr 15 do nr 59 nieparzyste, Jarzębinowa, Jaśminowa, Kątowa, Kolejowa od nr 55 do końca nieparzyste, Hugona Kołłątaja, Stanisława Konarskiego, Tadeusza Kościuszki od nr 192 do nr 326 parzyste, Lawendowa, Lechicka, Legnicka, Leśna, Liliowa, Macierzanki, Nad Jarem, Odrodzenia, Olszynowa, Podlaska, Bolesława Prusa, Pszenna, Rumiankowa, Sadowa, Sarmacka, Stalowa, Templariuszy, Wapienna, Wesoła, Zaułek, Zwrotna, Żużlowa.
246901;m. Katowice;Katowice;śląskie;22;2221;1834;2;Zespół Szkół Ogólnokształcących nr 2;Katowice;ul. Spółdzielczości;21;;40-642;Katowice;stały;Nie;miasto;Zespół Szkół Ogólnokształcących nr 2, ul. Spółdzielczości 21, 40-642 Katowice;ul.: Borowa, Braci Wiechułów, gen. Zygmunta Waltera Jankego od nr 63 do nr 107 nieparzyste, Jaworowa, Jaworowa Tylna, Juliusza Kossaka, Kryniczna, Krótka, Łowiecka, Poprzeczna, Marcina Radockiego od nr 1 do nr 35 nieparzyste, Spokojna, Spółdzielczości od nr 2 do nr 32 parzyste, od nr 1 do nr 21 nieparzyste, Wisławy Szymborskiej, Tyska, Stanisława Worcella, Zakątek, Zdrojowa, Ziołowa.
246901;m. Katowice;Katowice;śląskie;23;2229;1765;0;Zespół Szkolno-Przedszkolny nr 22;Katowice;ul. Stanisława Łętowskiego;18;;40-648;Katowice;stały;Nie;miasto;Zespół Szkolno-Przedszkolny nr 22, ul. Stanisława Łętowskiego 18, 40-648 Katowice;ul.: Stanisława Łętowskiego, Perkozów, Pustułek, Marcina Radockiego od nr 30 do nr 120 parzyste, od nr 37 do nr 121 nieparzyste.
246901;m. Katowice;Katowice;śląskie;24;2129;1711;0;Zespół Szkolno-Przedszkolny nr 22;Katowice;ul. Stanisława Łętowskiego;18;;40-648;Katowice;stały;Nie;miasto;Zespół Szkolno-Przedszkolny nr 22, ul. Stanisława Łętowskiego 18, 40-648 Katowice;ul.: Biedronek, Bławatków, Koników Polnych, Łubinowa, Motyli, Marcina Radockiego od nr 122 do nr 210.
246901;m. Katowice;Katowice;śląskie;25;1907;1539;2;Zespół Szkolno-Przedszkolny nr 22;Katowice;ul. Stanisława Łętowskiego;24;;40-648;Katowice;stały;Tak;miasto;Zespół Szkolno-Przedszkolny nr 22, ul. Stanisława Łętowskiego 24, 40-648 Katowice;ul.: Pasterska, Marcina Radockiego od nr 212 do końca, Tylna.
246901;m. Katowice;Katowice;śląskie;26;3159;2373;4;"Miejski Dom Kultury ""Południe"" Filia nr 3 w Zarzeczu";Katowice;ul. Pawła Stellera;4;;40-748;Katowice;stały;Nie;miasto;"Miejski Dom Kultury ""Południe"" Filia nr 3 w Zarzeczu, ul. Pawła Stellera 4, 40-748 Katowice";ul.: Azalii, Josepha von Eichendorffa, Tadeusza Fijewskiego, gen. Stefana Grota-Roweckiego, Macieja Jargonia, Jesiotra, Kamieńska, Kanałowa, Karasiowa, Karpiowa, Bogumiła Kobieli, Krzysztofa Kolbergera, Kopaniny Lewe, Tadeusza Kościuszki od nr 350 do końca parzyste, płk Henryka Kowalówki, Leszczy, Łososiowa, Edwarda Makuli, Miodowa, Okoniowa, Pstrągowa, Sandacza, Sielawy, Słonecznikowa od nr 76, Pawła Stellera, Konrada Swinarskiego, Szarotek, Szczupaków, Jana Świderskiego, Tunelowa od nr 72 do końca parzyste, Uklejowa, Uniczowska od nr 92, Wędkarska, Węgorzy, Renaty Zwoźniakowej.
246901;m. Katowice;Katowice;śląskie;27;2131;1589;3;Zespół Szkolno-Przedszkolny nr 11;Katowice;ul. Jana Wantuły;11;;40-750;Katowice;stały;Nie;miasto;Zespół Szkolno-Przedszkolny nr 11, ul. Jana Wantuły 11, 40-750 Katowice;ul.: Armii Krajowej od nr 152 do nr 364 parzyste, od nr 191 do nr 365 nieparzyste, Berberysów, Bukszpanowa, Dereni, Głogowa, Jaskrów, Jemiołowa, Leszczynowa, Matki Teresy z Kalkuty, Orzechowa, Pierwiosnków, Karola Stabika od nr 1 do nr 53 nieparzyste, od nr 2 do nr 64C parzyste, Stefana Suberlaka, Szarych Szeregów od nr 1 do nr 43A, Żurawinowa.
246901;m. Katowice;Katowice;śląskie;28;2385;1821;2;Zespół Szkolno-Przedszkolny nr 11;Katowice;ul. Jana Wantuły;11;;40-750;Katowice;stały;Tak;miasto;Zespół Szkolno-Przedszkolny nr 11, ul. Jana Wantuły 11, 40-750 Katowice;ul.: Ferdynanda Adamczyka, Agrestowa, Bazyliowa, Tadeusza Boya Żeleńskiego od nr 1 do nr 71, Czeremchowa, Tytusa Czyżewskiego, Dziewanny, Hiacyntów, Kalinowa, Lniana, Migdałowców, Józefa Pankiewicza, Pelargonii, Pijarska, Porzeczkowa, Przebiśniegów, Rozmarynu, Sasanek, Tadeusza Sendzimira, Sezamkowa, Smugowa, Józefa Solika, Sołtysia od nr 95 do końca, Szałwiowa, Księdza Emila Szramka, Truskawkowa, Warsztatowa, Henryka Wieniawskiego, Winorośli, Zachodnia, Zawilców, Żarnowcowa.
246901;m. Katowice;Katowice;śląskie;29;2314;1783;8;Zespół Szkolno-Przedszkolny nr 11;Katowice;ul. Jana Wantuły;11;;40-750;Katowice;stały;Nie;miasto;Zespół Szkolno-Przedszkolny nr 11, ul. Jana Wantuły 11, 40-750 Katowice;ul.: Olgi Boznańskiej, Czarnuszki, Jana Fojcika, Aleksandra Gierymskiego, Zdzisława Hierowskiego, Jałowcowa, Jana Nikodema Jaronia, Wandy Jordan-Łowińskiej, Michała Kałuży, Ludwika Klakusa, Bolesława Krupińskiego, Łopianowa, Maków, Ludwika Musioła, Wincentego Ogrodzińskiego, Władysława Skoczylasa, Bolesława Surówki, Szarych Szeregów od nr 44 do końca, Tymiankowa, Rafała Urbana, Jana Wantuły, Wieżowa, Stanisława Ignacego Witkiewicza, Franciszka Zabłockiego.
246901;m. Katowice;Katowice;śląskie;30;986;817;0;Zespół Szkolno-Przedszkolny nr 10;Katowice;ul. Kazimierza Lepszego;2;;40-750;Katowice;stały;Tak;miasto;Zespół Szkolno-Przedszkolny nr 10, ul. Kazimierza Lepszego 2, 40-750 Katowice;ul.: Jacka Koraszewskiego, Jana Kściuczyka, Kazimierza Lepszego.
246901;m. Katowice;Katowice;śląskie;31;1422;1125;0;Zespół Szkolno-Przedszkolny nr 10;Katowice;ul. Kazimierza Lepszego;2;;40-750;Katowice;stały;Tak;miasto;Zespół Szkolno-Przedszkolny nr 10, ul. Kazimierza Lepszego 2, 40-750 Katowice;ul.: Tadeusza Boya Żeleńskiego od nr 76 do końca parzyste, od nr 73 do końca nieparzyste, Jana Chęcińskiego, Plac Filaka.
246901;m. Katowice;Katowice;śląskie;32;2635;1989;2;Szkoła Podstawowa nr 21;Katowice;ul. Mieczyków;1A;;40-748;Katowice;stały;Tak;miasto;Szkoła Podstawowa nr 21, ul. Mieczyków 1A, 40-748 Katowice;ul.: Cyklamenów, Cyprysów, Gerberów, Goździków, Hortensji, Kaczeńców, Kamelii, Kaskady, Józefa Kokota, ks. Alojzego Lazara, Magnoliowa, Jacka Malczewskiego, Malwy, Piotra Michałowskiego, Mieczyków, Piotra Norblina, Aleksandra Raka, Karola Stabika od nr 55 do końca nieparzyste, od nr 66 do końca parzyste, Storczyków, Słonecznikowa od nr 1 do nr 75, Tarninowa, Marcina Trojoka, Tulipanów, Uniczowska od nr 1 do nr 91.
246901;m. Katowice;Katowice;śląskie;33;2123;1520;0;Szkoła Podstawowa nr 21;Katowice;ul. Mieczyków;1A;;40-748;Katowice;stały;Tak;miasto;Szkoła Podstawowa nr 21, ul. Mieczyków 1A, 40-748 Katowice;ul.: Barwinków, Begonii, gen. Tadeusza Bora Komorowskiego, Chryzantem, Cynamonowa, Forsycji, Imbirowa, Konwalii, Krokusów, Kryształowa, Kwiatów Polskich, Miętowa, Nagietek, Niezapominajek, Piwonii, Rafała Pomorskiego, Rezedowa, Rolnicza, Sarnia, Siedliska, Stokrotek, Strzelnica, Sumów, Ślazowa, Augustyna Świdra, Waniliowa, Złocieni.
246901;m. Katowice;Katowice;śląskie;34;2323;1809;1;Szkoła Podstawowa nr 21;Katowice;ul. Mieczyków;1A;;40-748;Katowice;stały;Tak;miasto;Szkoła Podstawowa nr 21, ul. Mieczyków 1A, 40-748 Katowice;ul.: Armii Krajowej od nr 366 do końca, Chabrowa, Dąbrowa, Marzanny, Mleczna, Okrąglica, Podleśna, Saska, Sołtysia od nr 1 do nr 94, Śnieżyczek, Zaopusta.
246901;m. Katowice;Katowice;śląskie;35;1666;1377;0;Zespół Szkół nr 2 im. Jarosława Iwaszkiewicza-Centrum Kształcenia Zawodowego i Ustawicznego w Katowicach;Katowice;ul. Walerego Goetla;2;;40-749;Katowice;stały;Tak;miasto;Zespół Szkół nr 2 im. Jarosława Iwaszkiewicza-Centrum Kształcenia Zawodowego i Ustawicznego w Katowicach, ul. Walerego Goetla 2, 40-749 Katowice;ul.: Karola Bohdanowicza, Witolda Budryka, Henryka Czeczotta, Ignacego Domeyki, Juliana Fałata, Walentego Fojkisa, Walerego Goetla, bł. ks. Stanisława Kubisty, Stanisława Mastalerza, Józefa Piernikarczyka, Pawła Edmunda Strzeleckiego, Adama Szebesty, Juliana Tokarskiego, Rudolfa Zubera.
246901;m. Katowice;Katowice;śląskie;36;1404;1152;1;Zespół Szkół nr 2 im. Jarosława Iwaszkiewicza-Centrum Kształcenia Zawodowego i Ustawicznego w Katowicach;Katowice;ul. Walerego Goetla;2;;40-749;Katowice;stały;Tak;miasto;Zespół Szkół nr 2 im. Jarosława Iwaszkiewicza-Centrum Kształcenia Zawodowego i Ustawicznego w Katowicach, ul. Walerego Goetla 2, 40-749 Katowice;ul.: Bielska, Ks. bpa Bernarda Bogedaina, Arki Bożka, Franciszka Chroboka, Mieczysławy Ćwiklińskiej, Adama Didura, Józefa Elsnera, Księdza Wiktora Matejczyka, Rudolfa Niemczyka, Jana Samsonowicza, Michała Scipio del Campo, Ludwika Solskiego, Jacka Woszczerowicza, Aleksandra Zająca.
246901;m. Katowice;Katowice;śląskie;37;1327;1083;0;"Miejski Dom Kultury ""Południe"" Filia nr 2 w Murckach";Katowice;ul. Pawła Kołodzieja;42;;40-749;Katowice;stały;Nie;miasto;"Miejski Dom Kultury ""Południe"" Filia nr 2 w Murckach, ul. Pawła Kołodzieja 42, 40-749 Katowice";ul.: Kamila Baczyńskiego, Beskidzka, Białobrzeska, Cegielnia Murcki nr parzyste, od nr 1 do nr 7 nieparzyste, Plac Jana Kasprowicza, Pawła Kołodzieja, Józefa Laskowskiego, Leśników, Lędzińska, Roberta Mruczka, Park Murckowski, Alfreda Sokołowskiego, Tartaczna, Węgierska, Alojzego Wojtalewicza, Wolności, Żubrów Murckowskich.
246901;m. Katowice;Katowice;śląskie;38;2271;1844;0;Katowickie Centrum Edukacji Zawodowej im. Powstańców Śląskich-Centrum Kształcenia Zawodowego i Ustawicznego w Katowicach;Katowice;ul. Techników;11;;40-326;Katowice;stały;Tak;miasto;Katowickie Centrum Edukacji Zawodowej im. Powstańców Śląskich-Centrum Kształcenia Zawodowego i Ustawicznego w Katowicach, ul. Techników 11, 40-326 Katowice;ul.: Józefa Biniszkiewicza, Budowlana, gen. Henryka le Ronda od nr 24 do końca parzyste, od nr 17 do końca nieparzyste, Międzyblokowa, Park Zielony Zakątek, ks. Jerzego Popiełuszki, Siemianowicka, ks. dr Wiktora Siwka, Styczniowa, Szwedzka, Techników, Wiertnicza.
246901;m. Katowice;Katowice;śląskie;39;999;806;0;Zespół Szkolno-Przedszkolny nr 3;Katowice;ul. Józefa Grzegorzka;4;;40-309;Katowice;stały;Tak;miasto;Zespół Szkolno-Przedszkolny nr 3, ul. Józefa Grzegorzka 4, 40-309 Katowice;"ul.: Majora Henryka Dobrzańskiego ""Hubala"", Dytrycha, Józefa Grzegorzka, gen. Henryka le Ronda od nr 2 do nr 22 parzyste, od nr 1 do nr 15 nieparzyste, Milowicka, Al. Niepodległości, Nowy Czekaj, Romualda Pitery, Stacyjna, Wyrobiskowa, Żniwna, Plac Żołnierzy Września, Żwirowa, Żyzna."
246901;m. Katowice;Katowice;śląskie;40;936;762;0;Zespół Szkolno-Przedszkolny nr 3;Katowice;ul. Józefa Grzegorzka;4;;40-309;Katowice;stały;Tak;miasto;Zespół Szkolno-Przedszkolny nr 3, ul. Józefa Grzegorzka 4, 40-309 Katowice;ul.: Park w Dąbrówce, Pod Młynem, Aleja Walentego Roździeńskiego od nr 95 do końca nieparzyste, Strzelców Bytomskich.
246901;m. Katowice;Katowice;śląskie;41;1355;1151;1;Zespół Szkół Handlowych;Katowice;ul. gen. Józefa Hallera;60;;40-320;Katowice;stały;Nie;miasto;Zespół Szkół Handlowych, ul. gen. Józefa Hallera 60, 40-320 Katowice;ul.: Konna, Kuśnierska, Józefa Mackiewicza, Miedziana, Pogodna, Przedwiośnie.
246901;m. Katowice;Katowice;śląskie;42;1423;1183;2;Szkoła Podstawowa dla Chłopców KUŹNICA;Katowice;ul. Deszczowa;14;;40-318;Katowice;stały;Tak;miasto;Szkoła Podstawowa dla Chłopców KUŹNICA, ul. Deszczowa 14, 40-318 Katowice;ul.: Babiego Lata, Chłodna, Deszczowa, gen. Józefa Hallera od nr 10 do końca parzyste, od nr 5 do końca nieparzyste, Jesienna, Letnia, Lodowa, Mroźna, Aleja Walentego Roździeńskiego od nr 190 do końca parzyste, Szronowa, Śniegowa, Wiosenna, Zimowa.
246901;m. Katowice;Katowice;śląskie;43;1183;955;0;Szkoła Podstawowa nr 45;Katowice;ul. dr Janusza Korczaka;11;;40-338;Katowice;stały;Tak;miasto;Szkoła Podstawowa nr 45, ul. dr Janusza Korczaka 11, 40-338 Katowice;ul.: Generała Władysława Andersa, Borki, gen. Józefa Hallera od nr 2 do nr 8 parzyste, od nr 1 do nr 3 nieparzyste, dr Janusza Korczaka, Kazimierza Kutza, Obrońców Westerplatte od nr 60 końca parzyste, od nr 51 do końca nieparzyste, Siewna, Wandy.
246901;m. Katowice;Katowice;śląskie;44;1593;1294;1;Zespół Szkolno-Przedszkolny nr 25;Katowice;ul. Morawa;86;;40-353;Katowice;stały;Tak;miasto;Zespół Szkolno-Przedszkolny nr 25, ul. Morawa 86, 40-353 Katowice;ul.: Morawa od nr 78 do końca parzyste, od nr 87 do końca nieparzyste, Osiedlowa, Przelotowa, Sosnowiecka, mjra Henryka Sucharskiego.
246901;m. Katowice;Katowice;śląskie;45;1947;1591;2;Zespół Szkolno-Przedszkolny nr 12;Katowice;ul. Wiosny Ludów;22;;40-374;Katowice;stały;Tak;miasto;Zespół Szkolno-Przedszkolny nr 12, ul. Wiosny Ludów 22, 40-374 Katowice;ul.: Ciesielska, Józefy Kantorówny, Plac Ogród Dworcowy, Plac Powstańców Śląskich, Ratuszowa, Wałowa, Ludwika Zamenhofa.
246901;m. Katowice;Katowice;śląskie;46;1377;1049;0;Zespół Szkolno-Przedszkolny nr 12;Katowice;ul. Wiosny Ludów;22;;40-374;Katowice;stały;Tak;miasto;Zespół Szkolno-Przedszkolny nr 12, ul. Wiosny Ludów 22, 40-374 Katowice;ul.: Chemiczna, Szabelniana, Park Antona Uthemanna, Wiosny Ludów, Wytapiaczy.
246901;m. Katowice;Katowice;śląskie;47;1292;1019;1;Zespół Szkół Przemysłu Spożywczego;Katowice;ul. ks. bpa Herberta Bednorza;15;;40-384;Katowice;stały;Nie;miasto;Zespół Szkół Przemysłu Spożywczego, ul. ks. bpa Herberta Bednorza 15, 40-384 Katowice;ul.: Bednarska, Brynicy, Adama Kocura, Morawa od nr 2 do nr 76 parzyste, od nr 1 do nr 85 nieparzyste, Objazdowa, Obrońców Westerplatte od nr 2 do nr 58 parzyste, od nr 1 do nr 49 nieparzyste.
246901;m. Katowice;Katowice;śląskie;48;1534;1246;1;Zespół Szkół Przemysłu Spożywczego;Katowice;ul. ks. bpa Herberta Bednorza;15;;40-384;Katowice;stały;Nie;miasto;Zespół Szkół Przemysłu Spożywczego, ul. ks. bpa Herberta Bednorza 15, 40-384 Katowice;ul.: 11 Listopada, ks. bpa Herberta Bednorza, Kołodziejska, Krakowska, Lwowska od nr 1 do nr 32, dr Stanisława Olchawy, Roździeńska, Melchiora Wańkowicza, Zygfryda Wende, ks. mjra Karola Woźniaka, Wypoczynkowa.
246901;m. Katowice;Katowice;śląskie;49;1960;1579;1;Liceum Ogólnokształcące In Altum;Katowice;ul. Oswobodzenia;47;;40-404;Katowice;stały;Tak;miasto;Liceum Ogólnokształcące In Altum, ul. Oswobodzenia 47, 40-404 Katowice;ul.: Park Bolina, Grodowa, Leśnego Potoku, Lwowska od nr 40 do końca, Oswobodzenia, Stawiska, Transportowców.
246901;m. Katowice;Katowice;śląskie;50;1472;1255;0;Przedszkole nr 63;Katowice;ul. Zamkowa;10;;40-413;Katowice;stały;Nie;miasto;Przedszkole nr 63, ul. Zamkowa 10, 40-413 Katowice;ul.: Zamkowa.
246901;m. Katowice;Katowice;śląskie;51;1550;1250;1;Szkoła Podstawowa nr 53;Katowice;ul. Szopienicka;58A;;40-431;Katowice;stały;Tak;miasto;Szkoła Podstawowa nr 53, ul. Szopienicka 58A, 40-431 Katowice;ul.: Boliny, Bzów, Cmentarna, Antoniego Czechowa, Hodowców, Bernarda Krawczyka, Nad Stawem, Zofii Nałkowskiej, Niwna, Teofila Ociepki, Ruczajowa, Rymarska, Spacerowa, Strumienna, Wiklinowa, Plac Wyzwolenia.
246901;m. Katowice;Katowice;śląskie;52;1323;1062;0;Szkoła Podstawowa nr 53;Katowice;ul. Szopienicka;58A;;40-431;Katowice;stały;Tak;miasto;Szkoła Podstawowa nr 53, ul. Szopienicka 58A, 40-431 Katowice;ul.: św. Anny, Garbarska, Giszowiecka, Janowska, ks. Alojzego Ficka, Odrowążów.
246901;m. Katowice;Katowice;śląskie;53;2428;1987;1;Szkoła Podstawowa nr 53;Katowice;ul. Szopienicka;58A;;40-431;Katowice;stały;Tak;miasto;Szkoła Podstawowa nr 53, ul. Szopienicka 58A, 40-431 Katowice;ul.: Braci Woźniaków, Farmaceutyczna, Gospodarcza od nr 12 do nr 84 parzyste, Górniczego Dorobku od nr 14 do nr 16 parzyste, Kolonia Amandy, Teodora Kulika, Magazynowa, Murckowska nr 9, Erwina Sówki, Surowcowa, Szopienicka.
246901;m. Katowice;Katowice;śląskie;54;1722;1454;0;Szkoła Podstawowa dla Dziewcząt PŁOMIEŃ;Katowice;ul. Karliczka;15;;40-488;Katowice;stały;Nie;miasto;Szkoła Podstawowa dla Dziewcząt PŁOMIEŃ, ul. Karliczka 15, 40-488 Katowice;ul.: Ceramiczna, Mysłowicka od nr 2 do nr 40 parzyste, od nr 1A do nr 35A nieparzyste.
246901;m. Katowice;Katowice;śląskie;55;1727;1453;0;Szkoła Podstawowa dla Dziewcząt PŁOMIEŃ;Katowice;ul. Karliczka;15;;40-488;Katowice;stały;Nie;miasto;Szkoła Podstawowa dla Dziewcząt PŁOMIEŃ, ul. Karliczka 15, 40-488 Katowice;ul.: Karliczka, Mysłowicka od nr 42 do końca parzyste, od nr 37 do końca nieparzyste.
246901;m. Katowice;Katowice;śląskie;56;1780;1390;0;Zespół Szkolno-Przedszkolny nr 13;Katowice;ul. Przyjazna;7A;;40-466;Katowice;stały;Tak;miasto;Zespół Szkolno-Przedszkolny nr 13, ul. Przyjazna 7A, 40-466 Katowice;ul.: Miła.
246901;m. Katowice;Katowice;śląskie;57;2247;1714;1;Zespół Szkolno-Przedszkolny nr 13;Katowice;ul. Przyjazna;7A;;40-466;Katowice;stały;Tak;miasto;Zespół Szkolno-Przedszkolny nr 13, ul. Przyjazna 7A, 40-466 Katowice;ul.: Adama od nr 3 do nr 7 nieparzyste, Agaty, Antoniego, Działkowa, Ewy, Górniczego Stanu, Kosmiczna, Kwiatowa, Pod Kasztanami, Przyjazna, Przyjemna, Sosnowa, Sputników, Wesołowska.
246901;m. Katowice;Katowice;śląskie;58;1829;1480;0;Zespół Szkolno-Przedszkolny nr 13;Katowice;ul. Adama;33;;40-467;Katowice;stały;Tak;miasto;Zespół Szkolno-Przedszkolny nr 13, ul. Adama 33, 40-467 Katowice;ul.: Adama od nr 6 do końca parzyste, od nr 9 do końca nieparzyste.
246901;m. Katowice;Katowice;śląskie;59;1388;1091;0;Zespół Szkolno-Przedszkolny nr 16;Katowice;ul. Wojciecha;9;;40-474;Katowice;stały;Tak;miasto;Zespół Szkolno-Przedszkolny nr 16, ul. Wojciecha 9, 40-474 Katowice;ul.: Park Giszowiecki, Gościnna, Kolista, Młodzieżowa, Plac Pod Lipami, Radosna.
246901;m. Katowice;Katowice;śląskie;60;1392;1161;0;Zespół Szkolno-Przedszkolny nr 16;Katowice;ul. Wojciecha;9;;40-474;Katowice;stały;Tak;miasto;Zespół Szkolno-Przedszkolny nr 16, ul. Wojciecha 9, 40-474 Katowice;ul.: Barbórki, Granica Wesołej, Karolinki, Pszczyńska od nr 4 do nr 20, Wojciecha od nr 1 do nr 19D nieparzyste.
246901;m. Katowice;Katowice;śląskie;61;1751;1467;0;Zespół Szkolno-Przedszkolny nr 16;Katowice;ul. Wojciecha;9;;40-474;Katowice;stały;Tak;miasto;Zespół Szkolno-Przedszkolny nr 16, ul. Wojciecha 9, 40-474 Katowice;ul.: Batalionów Chłopskich, Wojciecha od nr 26 do końca parzyste, od nr 21 do końca nieparzyste.
246901;m. Katowice;Katowice;śląskie;62;2862;2472;3;Park Naukowo-Technologiczny Silesia;Katowice;ul. Gawronów;4;;40-527;Katowice;stały;Tak;miasto;Park Naukowo-Technologiczny Silesia, ul. Gawronów 4, 40-527 Katowice;ul.: Albatrosów, prof. Ariadny Gierek-Łapińskiej, Bazaltowa, Bocianów, Ceglana, Cietrzewi, Cyranek, Czajek, Czapli, Gawronów, Kawek, Kolibrów, Kormoranów, Tadeusza Kościuszki od nr 88 do nr 148 parzyste, od nr 75 do nr 143 nieparzyste, Krzemienna, Lelków, Łabędzia, Meteorologów, Muchowiec, Pelikanów, Porfirowa, Wróbli, Alfonsa Zgrzebnioka, Zimorodków.
246901;m. Katowice;Katowice;śląskie;63;437;403;2;Zespół Szkół Technicznych i Ogólnokształcących nr 2;Katowice;ul. Mikołowska;131;;40-592;Katowice;stały;Tak;miasto;Zespół Szkół Technicznych i Ogólnokształcących nr 2, ul. Mikołowska 131, 40-592 Katowice;ul.: Mikołowska od nr 100 do końca parzyste, Parkowa, Piękna.
246901;m. Katowice;Katowice;śląskie;64;1648;1297;5;Szkoła Podstawowa nr 65;Katowice;ul. Kukułek;2A;;40-533;Katowice;stały;Tak;miasto;Szkoła Podstawowa nr 65, ul. Kukułek 2A, 40-533 Katowice;ul.: Czyżyków, Drozdów, Dzięciołów, Gilów, Huberta, Jaskółek, Jemiołuszek, Jerzyków, Kanarków, Kosów, Tadeusza Kościuszki od nr 150 do nr 190 parzyste, Kukułek, Pawia, Przepiórek, Sikorek, Skowronków, Słowików, Szczygłów, Szpaków.
246901;m. Katowice;Katowice;śląskie;65;1609;1340;2;Przedszkole Nr 1;Katowice;ul. Brynowska;82;;40-584;Katowice;stały;Nie;miasto;Przedszkole Nr 1, ul. Brynowska 82, 40-584 Katowice;ul.: Brynowska, Dworska, Grzegorza Fitelberga, K. I. Gałczyńskiego, Emanuela Imieli, Tadeusza Kościuszki od nr 145 do nr 191C nieparzyste, Czesława Miłosza, Lubomira Różyckiego, Kazimierza Skiby, Środkowa, Plac Tajnej Organizacji Nauczycielskiej.
246901;m. Katowice;Katowice;śląskie;66;1048;1053;0;III Liceum Ogólnokształcące;Katowice;ul. Adama Mickiewicza;11;;40-092;Katowice;stały;Nie;miasto;III Liceum Ogólnokształcące, ul. Adama Mickiewicza 11, 40-092 Katowice;ul.: Dąbrówki, Gliwicka od nr 2 do nr 26 parzyste, od nr 1 do nr 43 nieparzyste, Marii Goeppert-Mayer, Wilhelma Friedricha Grundmanna, Adama Mickiewicza od nr 32 do końca parzyste, od nr 21 do końca nieparzyste, Plac Ofiar Tragedii Górnośląskiej 1945 roku, Opolska od nr 9 do końca, Jana III Sobieskiego, Sokolska od nr 1 do nr 32, Zabrska.
246901;m. Katowice;Katowice;śląskie;67;926;922;2;Zespół Szkolno-Przedszkolny Nr 24;Katowice;ul. Sokolska;23;;40-086;Katowice;stały;Nie;miasto;Zespół Szkolno-Przedszkolny Nr 24, ul. Sokolska 23, 40-086 Katowice;ul.: Chorzowska od nr 2 do nr 70 parzyste, Aleja Wojciecha Korfantego od nr 2 do nr 32 parzyste, Plac Obrońców Katowic, Plac Przyjaciół z Miszkolca, Sokolska nr 33, 34, Franza Wincklera.
246901;m. Katowice;Katowice;śląskie;68;494;511;0;III Liceum Ogólnokształcące;Katowice;ul. Adama Mickiewicza;11;;40-092;Katowice;stały;Nie;miasto;III Liceum Ogólnokształcące, ul. Adama Mickiewicza 11, 40-092 Katowice;ul.: Fryderyka Chopina, Adama Mickiewicza od nr 2 do nr 30 parzyste, od nr 1 do nr 19 nieparzyste, Księdza Piotra Skargi, Juliusza Słowackiego od nr 2 do nr 16 parzyste, od nr 1 do nr 25 nieparzyste, Stawowa, Plac Synagogi.
246901;m. Katowice;Katowice;śląskie;69;629;590;1;Szkoła Podstawowa nr 7 Specjalna;Katowice;ul. Szkolna;5;;40-006;Katowice;stały;Nie;miasto;Szkoła Podstawowa nr 7 Specjalna, ul. Szkolna 5, 40-006 Katowice;ul.: Dworcowa, Dyrekcyjna, Francuska od nr 1 do nr 7 nieparzyste, św. Jana, Mariacka od nr 2 do nr 24 parzyste, od nr 1 do nr 27 nieparzyste, Tylna Mariacka, Andrzeja Mielęckiego, św. Stanisława, Staromiejska, Warszawska od nr 1 do nr 29 nieparzyste.
246901;m. Katowice;Katowice;śląskie;70;859;826;0;VIII Liceum Ogólnokształcące;Katowice;ul. 3 Maja;42;;40-097;Katowice;stały;Nie;miasto;VIII Liceum Ogólnokształcące, ul. 3 Maja 42, 40-097 Katowice;ul.: 3 Maja, Plac Marii i Lecha Kaczyńskich, Jana Matejki, Młyńska, Opolska od nr 1 do nr 8, Pocztowa, Sądowa, Juliusza Słowackiego od nr 18 do końca parzyste, od nr 27 do końca nieparzyste, Wawelska, Plac Wolności.
246901;m. Katowice;Katowice;śląskie;71;1214;1041;0;II Liceum Ogólnokształcące;Katowice;ul. Bartosza Głowackiego;6;;40-052;Katowice (wejście od ul. Jana Kilińskiego);stały;Tak;miasto;II Liceum Ogólnokształcące, Katowice ul. Bartosza Głowackiego 6, 40-052 Katowice (wejście od ul. Jana Kilińskiego);ul.: Andrzeja, Plac Andrzeja, Stefana Batorego, Marii Konopnickiej, Mikołaja Kopernika nr nieparzyste, ks. Augustyna Kordeckiego, Tadeusza Kościuszki od nr 1 do nr 19 nieparzyste, Krzywa, Mikołowska od nr 2 do nr 14 parzyste, Plac Oddziałów Młodzieży Powstańczej, Pawła Stalmacha, Wincentego Styczyńskiego.
246901;m. Katowice;Katowice;śląskie;72;1481;1305;2;II Liceum Ogólnokształcące;Katowice;ul. Bartosza Głowackiego;6 (wejście od ul. Jana Kilińskiego);;40-052;Katowice (wejście od ul. Jana Kilińskiego);stały;Nie;miasto;II Liceum Ogólnokształcące, Katowice ul. Bartosza Głowackiego 6 (wejście od ul. Jana Kilińskiego), 40-052 Katowice (wejście od ul. Jana Kilińskiego);ul.: Bartosza Głowackiego od nr 2 do nr 8 parzyste, Plac Kardynała Augusta Hlonda, Henryka Jordana od nr 2 do nr 12B parzyste, od nr 1 do nr 19 nieparzyste, Jana Kilińskiego od nr 28 do nr 40 parzyste, od nr 17 do nr 19 nieparzyste, Tadeusza Kościuszki od nr 43 do nr 61 nieparzyste, Mikołowska nr 40, Księcia Józefa Poniatowskiego od nr 2 do końca parzyste, Józefa Rymera, Marii Skłodowskiej-Curie od nr 36 do końca parzyste, od nr 27 do końca nieparzyste, Strzelecka, gen. Józefa Zajączka od nr 1 do nr 17.
246901;m. Katowice;Katowice;śląskie;73;1514;1232;1;Pałac Młodzieży w Katowicach;Katowice;ul. Mikołowska;26;;40-066;Katowice;stały;Tak;miasto;Pałac Młodzieży w Katowicach, ul. Mikołowska 26, 40-066 Katowice;ul.: Michała Drzymały, Jana Kilińskiego od nr 16 do nr 26 parzyste, od nr 5 do nr 15A nieparzyste, Mikołaja Kopernika od nr 2 do końca parzyste, Tadeusza Kościuszki od nr 21 do nr 41 nieparzyste, Mikołowska od nr 18 do nr 32 parzyste, PCK, Marii Skłodowskiej-Curie od nr 10 do nr 30 parzyste, od nr 15 do nr 25 nieparzyste, Żwirki i Wigury.
246901;m. Katowice;Katowice;śląskie;74;1542;1331;0;Zarząd Transportu Metropolitalnego;Katowice;ul. Barbary;21A;;40-053;Katowice;stały;Tak;miasto;Zarząd Transportu Metropolitalnego, ul. Barbary 21A, 40-053 Katowice;ul.: Barbary, Kazimierza Dłuskiego, Stanisława Fliegera, Bartosza Głowackiego od nr 10 do końca parzyste, od nr 13 do końca nieparzyste, Aleksandra Hercena, Jana Kilińskiego od nr 42 do końca parzyste, od nr 21 do końca nieparzyste, Tadeusza Kościuszki od nr 63 do nr 73 nieparzyste, Mikołowska od nr 44 do nr 72C parzyste, od nr 45 do nr 55 nieparzyste, Księcia Józefa Poniatowskiego nr nieparzyste, Skalna, Józefa Szmausa, gen. Józefa Zajączka od nr 18 do końca.
246901;m. Katowice;Katowice;śląskie;75;1947;1634;3;Szkoła Podstawowa Nr 15;Katowice;ul. Ks. bpa Stanisława Adamskiego;24;;40-069;Katowice;stały;Nie;miasto;Szkoła Podstawowa Nr 15, ul. Ks. bpa Stanisława Adamskiego 24, 40-069 Katowice;ul.: Ks. bpa Stanisława Adamskiego, Ks. bpa Józefa Gawliny, ks. kard. Bolesława Kominka, Koszarowa, Ks. bpa Teodora Kubiny, Ks. bpa Arkadiusza Lisieckiego, Stanisława Rochowiaka.
246901;m. Katowice;Katowice;śląskie;76;1400;1231;1;Zespół Szkół Ekonomicznych;Katowice;ul. Raciborska;3;;40-074;Katowice;stały;Nie;miasto;Zespół Szkół Ekonomicznych, ul. Raciborska 3, 40-074 Katowice;ul.: Kamienna, Kozielska, Mikołowska od nr 1 do nr 43 nieparzyste, Nad Osiekiem, Raciborska, Plac dr. Józefa Rostka, Maksymiliana Wilimowskiego.
246901;m. Katowice;Katowice;śląskie;77;1186;953;1;Biurowiec;Katowice;ul. Wita Stwosza;31;;40-042;Katowice;stały;Nie;miasto;Biurowiec, ul. Wita Stwosza 31, 40-042 Katowice;ul: Astrów, Bratków, ks. Józefa Czempiela, Biskupa Czesława Domina, Fiołków, Tadeusza Kościuszki od nr 60 do nr 86 parzyste, Narcyzów, Różana, Marcina Szeligiewicza, Wita Stwosza od nr 28 do końca parzyste, od nr 19 do końca nieparzyste.
246901;m. Katowice;Katowice;śląskie;78;1632;1412;3;Zespół Szkół Ogólnokształcących nr 1;Katowice;ul. Henryka Sienkiewicza;74;;40-039;Katowice;stały;Tak;miasto;Zespół Szkół Ogólnokształcących nr 1, ul. Henryka Sienkiewicza 74, 40-039 Katowice;ul.: Francuska od nr 49 do nr 99 nieparzyste, od nr 30 do nr 68 parzyste, Plac świętego Jana Pawła II, Henryka Jordana od nr 14 do końca parzyste, od nr 21 do końca nieparzyste, Plac Katedralny, Tadeusza Kościuszki od nr 40 do nr 56 parzyste, Józefa Lompy od nr 10 do końca, Pasaż Europejski, Plebiscytowa od nr 36 do końca parzyste, od nr 49 do końca nieparzyste, Podchorążych, Powstańców od nr 1 do nr 19 nieparzyste, Władysława Stanisława Reymonta od nr 34 do końca parzyste, Rybnicka, Henryka Sienkiewicza od nr 38 do końca parzyste, od nr 45 do końca nieparzyste, Wita Stwosza od nr 11 do nr 17A nieparzyste.
246901;m. Katowice;Katowice;śląskie;79;1650;1416;5;Szkoła Podstawowa nr 1;Katowice;ul. Jagiellońska;18;;40-035;Katowice;stały;Nie;miasto;Szkoła Podstawowa nr 1, ul. Jagiellońska 18, 40-035 Katowice;ul.: Brata Alberta, Konstantego Damrota od nr 10 do nr 18 parzyste, od nr 11 do nr 21 nieparzyste, Francuska od nr 31 do nr 47 nieparzyste, św. Jacka, Konckiego, Zygmunta Krasińskiego od nr 2 do nr 8 parzyste, od nr 1 do nr 11 nieparzyste, Juliusza Ligonia, Plebiscytowa od nr 1 do nr 39 nieparzyste, od nr 2 do nr 34 parzyste, Powstańców od nr 21 do nr 37 nieparzyste, od nr 2 do nr 36D parzyste, Henryka Sienkiewicza od nr 12 do nr 37.
246901;m. Katowice;Katowice;śląskie;80;1201;1072;0;Szkoła Podstawowa nr 1;Katowice;ul. Jagiellońska;18;;40-035;Katowice;stały;Nie;miasto;Szkoła Podstawowa nr 1, ul. Jagiellońska 18, 40-035 Katowice;ul.: Jagiellońska, Jana Kochanowskiego, Tadeusza Kościuszki od nr 2 do nr 38 parzyste, Królowej Jadwigi, Plac Karola Miarki, Władysława Stanisława Reymonta od nr 14 do nr 30 parzyste, Pl. Sejmu Śląskiego, Wita Stwosza od nr 1 do nr 9 nieparzyste, od nr 2 do nr 6 parzyste.
246901;m. Katowice;Katowice;śląskie;81;1579;1370;0;Szkoła Podstawowa Nr 1;Katowice;ul. Jagiellońska;18;;40-035;Katowice;stały;Nie;miasto;Szkoła Podstawowa Nr 1, ul. Jagiellońska 18, 40-035 Katowice;ul.: Plac Bolesława Chrobrego, Henryka Dąbrowskiego, Francuska od nr 9 do nr 29 nieparzyste, od nr 12 do nr 28 parzyste, Stanisława Kobylińskiego, Józefa Lompy od nr 1 do nr 9, Podgórna, Władysława Stanisława Reymonta od nr 1 do nr 12, Henryka Sienkiewicza od nr 1 do nr 11, ks. Józefa Szafranka, Wojewódzka, Zacisze.
246901;m. Katowice;Katowice;śląskie;82;1062;1085;1;Oddział Żłobka Miejskiego;Katowice;ul. Uniwersytecka;15;;40-007;Katowice;stały;Tak;miasto;Oddział Żłobka Miejskiego, ul. Uniwersytecka 15, 40-007 Katowice;ul.: Bankowa, prof. Augusta Chełkowskiego, Aleja Wojciecha Korfantego od nr 1 do nr 33 nieparzyste, Stanisława Moniuszki, Profesora Waleriana Pańki, Park Powstańców Śląskich, Piastowska, Aleja Walentego Roździeńskiego od nr 14 do nr 18 parzyste, Rynek, Szkolna, Teatralna, Uniwersytecka, Warszawska od nr 2 do nr 18 parzyste.
246901;m. Katowice;Katowice;śląskie;83;849;783;1;Terenowy Punkt Pomocy Społecznej nr 2, Miejski Ośrodek Pomocy Społecznej w Katowicach;Katowice;ul. Warszawska;42;;40-008;Katowice;stały;Tak;miasto;Terenowy Punkt Pomocy Społecznej nr 2, Miejski Ośrodek Pomocy Społecznej w Katowicach, ul. Warszawska 42, 40-008 Katowice;ul.: Konstantego Damrota od nr 1 do nr 9, Francuska od nr 2 do nr 10 parzyste, Górnicza, Franciszka Lubeckiego-Druckiego, Mariacka od nr 26 do końca parzyste, od nr 29 do końca nieparzyste, Myśliwska, św. Pawła, Starowiejska, Plac ks. Emila Szramka, Warszawska od nr 31 do końca nieparzyste, od nr 26 do końca parzyste, Wodna.
246901;m. Katowice;Katowice;śląskie;84;1923;1789;4;Zespół Szkół i Placówek nr 1;Katowice;ul. Ignacego Paderewskiego;46;;40-282;Katowice;stały;Tak;miasto;Zespół Szkół i Placówek nr 1, ul. Ignacego Paderewskiego 46, 40-282 Katowice;ul.: Konstantego Damrota od nr 20 do końca parzyste, od nr 23 do końca nieparzyste, Floriana od nr 6 do końca, Graniczna od nr 14 do nr 32 parzyste, od nr 17 do nr 29 nieparzyste, Haliny Krahelskiej, Zygmunta Krasińskiego od nr 10 do końca parzyste, od nr 13 do końca nieparzyste, Plac generała Stanisława Maczka, Murckowska nr 5, od nr 14 do nr 26 parzyste, nr 64A, Ignacego Paderewskiego od nr 7 do końca, Prosta, Przemysłowa, Plac Rady Europy, Równoległa, ks. Aleksandra Skowrońskiego.
246901;m. Katowice;Katowice;śląskie;85;1551;1350;2;Zespół Szkół i Placówek nr 1;Katowice;ul. Ignacego Paderewskiego;46;;40-282;Katowice;stały;Tak;miasto;Zespół Szkół i Placówek nr 1, ul. Ignacego Paderewskiego 46, 40-282 Katowice;ul.: gen. Władysława Sikorskiego od nr 10 do nr 36 parzyste, Plac Żołnierza Polskiego, Żołnierzy Wyklętych.
246901;m. Katowice;Katowice;śląskie;86;2800;2597;2;Zespół Szkół i Placówek nr 1;Katowice;ul. Ignacego Paderewskiego;46;;40-282;Katowice;stały;Tak;miasto;Zespół Szkół i Placówek nr 1, ul. Ignacego Paderewskiego 46, 40-282 Katowice;ul.: Adolfa Dygacza, Graniczna od nr 57 do nr 57C nieparzyste, od nr 61 do nr 65 nieparzyste, gen. Kazimierza Pułaskiego, gen. Władysława Sikorskiego od nr 38 do nr 44 parzyste, od nr 41 do nr 49 nieparzyste, gen. Stanisława Szeptyckiego.
246901;m. Katowice;Katowice;śląskie;87;1755;1525;7;Zespół Szkolno-Przedszkolny nr 9;Katowice;ul. Graniczna;46;;40-018;Katowice;stały;Tak;miasto;Zespół Szkolno-Przedszkolny nr 9, ul. Graniczna 46, 40-018 Katowice;ul.: Aleja Górnośląska, Graniczna: nr 49, 49A, 49B, 53, 53A, 53B, 53C, od nr 40 do nr 46 parzyste, gen. Józefa Sowińskiego od nr 29 do nr 45.
246901;m. Katowice;Katowice;śląskie;88;2781;2391;3;Zespół Szkolno-Przedszkolny nr 9;Katowice;ul. Graniczna;46;;40-018;Katowice;stały;Tak;miasto;Zespół Szkolno-Przedszkolny nr 9, ul. Graniczna 46, 40-018 Katowice;ul.: 73 Pułku Piechoty nr 3, 4, od nr 7 do nr 7A, Alpejska, Francuska od nr 70 do końca parzyste, od nr 101 do końca nieparzyste, Karbowa, Lotnisko, Ofiar Katynia, Pilotów, Polna, Powstańców nr 41B, 52, Prowansalska, Rodańska, Sabaudzka, gen. Józefa Sowińskiego od nr 1 do nr 21 nieparzyste, Szybowcowa, Trzech Stawów.
246901;m. Katowice;Katowice;śląskie;89;1504;1270;1;Przedszkole nr 57;Katowice;ul. Piastów;13;;40-866;Katowice;stały;Tak;miasto;Przedszkole nr 57, ul. Piastów 13, 40-866 Katowice;ul.: Park Bederowiec, Piastów od nr 16 do nr 20 parzyste, od nr 7 do nr 13 nieparzyste.
246901;m. Katowice;Katowice;śląskie;90;1734;1494;2;Szkoła Podstawowa nr 66;Katowice;al. Aleja Bolesława Krzywoustego;7;;40-870;Katowice;stały;Tak;miasto;Szkoła Podstawowa nr 66, al. Aleja Bolesława Krzywoustego 7, 40-870 Katowice;ul.: Aleja Bolesława Krzywoustego nr 7, Piastów nr 3, 5, 10, 12, od nr 22 do nr 26 parzyste.
246901;m. Katowice;Katowice;śląskie;91;1586;1393;0;Zespół Szkół i Placówek nr 2 (Młodzieżowy Dom Kultury);Katowice;ul. Tysiąclecia;5;;40-873;Katowice;stały;Tak;miasto;Zespół Szkół i Placówek nr 2 (Młodzieżowy Dom Kultury), ul. Tysiąclecia 5, 40-873 Katowice;ul.: Aleja Bolesława Krzywoustego od nr 2 do nr 6 parzyste, nr 9, Księcia Henryka Brodatego, Króla Władysława Jagiełły, Plac Ronalda Reagana, Tysiąclecia nr 1, 4, od nr 7 do nr 15 nieparzyste, nr 19.
246901;m. Katowice;Katowice;śląskie;92;1460;1245;1;Zespół Szkół i Placówek nr 2 (Młodzieżowy Dom Kultury);Katowice;ul. Tysiąclecia;5;;40-873;Katowice;stały;Tak;miasto;Zespół Szkół i Placówek nr 2 (Młodzieżowy Dom Kultury), ul. Tysiąclecia 5, 40-873 Katowice;ul.: Mieszka I nr 1, od nr 5 do nr 11 nieparzyste, nr 6, Plac Podwyższenia Krzyża, Tysiąclecia nr 6, 41, 45, 47, Franza Waxmana.
246901;m. Katowice;Katowice;śląskie;93;1396;1195;2;Szkoła Podstawowa nr 58;Katowice;al. Aleja Bolesława Krzywoustego;11;;40-870;Katowice;stały;Tak;miasto;Szkoła Podstawowa nr 58, al. Aleja Bolesława Krzywoustego 11, 40-870 Katowice;ul.: Aleja Bolesława Krzywoustego nr 1, 11, 11A, 13, Mieszka I nr 15, Tysiąclecia od nr 16 do nr 20 parzyste, od nr 21 do nr 29 nieparzyste, od nr 33 do nr 39 nieparzyste.
246901;m. Katowice;Katowice;śląskie;94;2051;1666;2;Zespół Szkół nr 3;Katowice;ul. Bolesława Chrobrego;4;;40-881;Katowice;stały;Tak;miasto;Zespół Szkół nr 3, ul. Bolesława Chrobrego 4, 40-881 Katowice;ul.: Chorzowska od nr 206 do końca parzyste, Aleja Księcia Henryka Pobożnego, Zawiszy Czarnego.
246901;m. Katowice;Katowice;śląskie;95;1744;1437;2;Zespół Szkół nr 3;Katowice;ul. Bolesława Chrobrego;4;;40-881;Katowice;stały;Tak;miasto;Zespół Szkół nr 3, ul. Bolesława Chrobrego 4, 40-881 Katowice;ul.: Bolesława Chrobrego nr 26, 31, 32, 37, 39, 43, Tysiąclecia nr 22, 24.
246901;m. Katowice;Katowice;śląskie;96;2084;1675;5;Zespół Szkół nr 3;Katowice;ul. Bolesława Chrobrego;4;;40-881;Katowice;stały;Tak;miasto;Zespół Szkół nr 3, ul. Bolesława Chrobrego 4, 40-881 Katowice;ul.: Bolesława Chrobrego nr 4, 13, 17, 21, 23, 25, 28, 38, Tysiąclecia nr 86, 86A, 86B.
246901;m. Katowice;Katowice;śląskie;97;1620;1307;0;Przedszkole nr 34;Katowice;ul. Tysiąclecia;84A;;40-871;Katowice;stały;Nie;miasto;Przedszkole nr 34, ul. Tysiąclecia 84A, 40-871 Katowice;ul.: Tysiąclecia nr 84, 84A, od nr 88 do nr 92 parzyste.
246901;m. Katowice;Katowice;śląskie;98;1631;1345;1;Szkoła Podstawowa nr 59;Katowice;ul. Bolesława Chrobrego;5;;40-881;Katowice;stały;Tak;miasto;Szkoła Podstawowa nr 59, ul. Bolesława Chrobrego 5, 40-881 Katowice;ul.: Al. Księżnej Jadwigi Śląskiej, Ułańska od nr 5 do nr 13 nieparzyste.
246901;m. Katowice;Katowice;śląskie;99;1815;1507;3;Szkoła Podstawowa nr 59;Katowice;ul. Bolesława Chrobrego;5;;40-881;Katowice;stały;Tak;miasto;Szkoła Podstawowa nr 59, ul. Bolesława Chrobrego 5, 40-881 Katowice;ul.: Bolesława Chrobrego nr 2, 3, 5, 9, Tysiąclecia nr 78, 80, Ułańska nr 16.
246901;m. Katowice;Katowice;śląskie;100;1640;1341;1;Szkoła Podstawowa nr 22;Katowice;ul. Michała Wolskiego;3;;40-859;Katowice;stały;Nie;miasto;Szkoła Podstawowa nr 22, ul. Michała Wolskiego 3, 40-859 Katowice;ul.: Feliksa Bocheńskiego od nr 27 do nr 53 nieparzyste, Bracka od nr 28 do nr 28A, nr 29, Gliwicka od nr 146 do nr 184 parzyste, od nr 169 do nr 213 nieparzyste, Jana Kupca, J. Lelewela, Pokoju, Ślusarska, Tokarska, Michała Wolskiego, Jana Wyplera.
246901;m. Katowice;Katowice;śląskie;101;1877;1589;0;Ośrodek Sportowy Gliwicka;Katowice;ul. Gliwicka;214;;40-860;Katowice;stały;Tak;miasto;Ośrodek Sportowy Gliwicka, ul. Gliwicka 214, 40-860 Katowice;ul.: Szymona Badury, Szymona Borysa, Jerzego Cholewy, Józefa Ciemały, Leopolda Czoika, Franciszka Dudka, Gliwicka od nr 186 do końca parzyste, od nr 215 do końca nieparzyste, Jakuba Grządziela, Świętego Jana Pawła II, Roberta Kempki, Jana Koczeby, Lisa, Macieja Mamoka, Piotra Musialika, Józefa Piechy, Józefa Skrzeka, Trasa Nikodema i Józefa Renców, Wiśniowa, Park Załęski.
246901;m. Katowice;Katowice;śląskie;102;1456;1210;0;Zespół Szkół i Placówek nr 2;Katowice;ul. Juliusza Zarębskiego;2;;40-854;Katowice;stały;Tak;miasto;Zespół Szkół i Placówek nr 2, ul. Juliusza Zarębskiego 2, 40-854 Katowice;ul.: Johna Baildona od nr 64 do nr 64b, nr 66, Feliksa Bocheńskiego od nr 34 do nr 52 parzyste, Gliwicka od nr 98 do nr 140A parzyste, od nr 115 do nr 163 nieparzyste, Gminna, Klimczoka, Plac ks. Józefa Londzina, Ondraszka, Józefa Pukowca od nr 1 do nr 19 nieparzyste, Relaksowa, Tarasa Szewczenki, Józefa Wolnego, Zamułkowa, Żeliwna.
246901;m. Katowice;Katowice;śląskie;103;1283;1118;0;Zespół Szkół i Placówek nr 2;Katowice;ul. Juliusza Zarębskiego;2;;40-854;Katowice;stały;Tak;miasto;Zespół Szkół i Placówek nr 2, ul. Juliusza Zarębskiego 2, 40-854 Katowice;ul.: 18 Sierpnia, W. Bogusławskiego, Gliwicka od nr 28 do nr 96 parzyste, od nr 45 do nr 113 nieparzyste, Gabriela Narutowicza.
246901;m. Katowice;Katowice;śląskie;104;1234;1065;0;Zespół Szkół i Placówek nr 2;Katowice;ul. Juliusza Zarębskiego;2;;40-854;Katowice;stały;Nie;miasto;Zespół Szkół i Placówek nr 2, ul. Juliusza Zarębskiego 2, 40-854 Katowice;ul.: Franciszka Anioła, Wincentego Janasa, Macieja Ledóchowskiego, Macieja, Marcina, Pawła Pośpiecha, Juliusza Zarębskiego, Żelazna od nr 18 do końca parzyste, od nr 21 do końca nieparzyste.
246901;m. Katowice;Katowice;śląskie;105;1651;1435;2;"Społeczna Szkoła Podstawowa ""Nasza Dobra Szkoła""";Katowice;ul. Agnieszki;2;;40-110;Katowice;stały;Nie;miasto;"Społeczna Szkoła Podstawowa ""Nasza Dobra Szkoła"", ul. Agnieszki 2, 40-110 Katowice";ul.: Agnieszki, Brzoskwiniowa, Bukowa, Dębowa od nr 57 do końca, Gruszowa, Jabłoniowa, Krzyżowa nr nieparzyste, Morelowa, Szpitalna, ks. Ściegiennego od nr 68 do końca parzyste, Wiejska.
246901;m. Katowice;Katowice;śląskie;106;1887;1764;0;Przedszkole nr 27;Katowice;ul. ks. Ściegiennego;27;;40-114;Katowice;stały;Nie;miasto;Przedszkole nr 27, ul. ks. Ściegiennego 27, 40-114 Katowice;ul.: Johna Baildona od nr 2 do nr 24E parzyste, nr 65, Błękitna, Bożogrobców, Chorzowska od nr 72 do nr 158 parzyste, od nr 73 do nr 143 nieparzyste, Cicha, Dobra, Jasna, ks. Ściegiennego od nr 2 do nr 64 parzyste, od nr 1 do nr 29 nieparzyste, Widok, Żelazna od nr 1 do nr 17D nieparzyste, od nr 2 do nr 10 parzyste, Księdza Karola Żmija.
246901;m. Katowice;Katowice;śląskie;107;969;855;0;Zespół Szkolno-Przedszkolny nr 1;Katowice;ul. Sportowa;29;;40-106;Katowice;stały;Nie;miasto;Zespół Szkolno-Przedszkolny nr 1, ul. Sportowa 29, 40-106 Katowice;ul.: Akacjowa, Bederowiecka, Bracka od nr 1 do nr 27, Chorzowska od nr 160 do nr 204B parzyste, od nr 145 do końca nieparzyste, Lipowa, Wąska, Złota.
246901;m. Katowice;Katowice;śląskie;108;1392;1194;2;Zespół Szkolno-Przedszkolny nr 1;Katowice;ul. Sportowa;29;;40-106;Katowice;stały;Nie;miasto;Zespół Szkolno-Przedszkolny nr 1, ul. Sportowa 29, 40-106 Katowice;ul.: Dębowa od nr 1 do nr 56, Sportowa, Studzienna, Węglowa, Źródlana.
246901;m. Katowice;Katowice;śląskie;109;2585;1939;0;Śląski Oddział Wojewódzki Narodowego Funduszu Zdrowia w Katowicach;Katowice;ul. Stanisława Kossutha;13;;40-844;Katowice;stały;Tak;miasto;Śląski Oddział Wojewódzki Narodowego Funduszu Zdrowia w Katowicach, ul. Stanisława Kossutha 13, 40-844 Katowice;ul.: Kolońska, Stanisława Kossutha, Tadeusza Michejdy, Józefa Pukowca od nr 23 do końca nieparzyste, Walerego Sławka, Henryka Szwana.
246901;m. Katowice;Katowice;śląskie;110;1377;1146;0;XV Liceum Ogólnokształcące;Katowice;ul. Obroki;87;;40-833;Katowice;stały;Nie;miasto;XV Liceum Ogólnokształcące, ul. Obroki 87, 40-833 Katowice;ul.: Henryka Dulęby, Obroki.
246901;m. Katowice;Katowice;śląskie;111;1697;1372;0;Przedszkole nr 13;Katowice;ul. Wincentego Witosa;16A;;40-832;Katowice;stały;Tak;miasto;Przedszkole nr 13, ul. Wincentego Witosa 16A, 40-832 Katowice;ul.: Norberta Barlickiego, Feliksa Bocheńskiego od nr 55 do nr 121 nieparzyste, Chodnikowa, Kochłowicka nr 14, od nr 100 do nr 103, Eugeniusza Kwiatkowskiego, Ścianowa, Wyciągowa.
246901;m. Katowice;Katowice;śląskie;112;2069;1645;1;Szkoła Podstawowa nr 33;Katowice;ul. Wincentego Witosa;23;;40-832;Katowice;stały;Tak;miasto;Szkoła Podstawowa nr 33, ul. Wincentego Witosa 23, 40-832 Katowice;ul.: Piotra Bardowskiego, Władysława Grabskiego, Macieja Rataja
246901;m. Katowice;Katowice;śląskie;113;1895;1527;2;Szkoła Podstawowa nr 33;Katowice;ul. Wincentego Witosa;23;;40-832;Katowice;stały;Tak;miasto;Szkoła Podstawowa nr 33, ul. Wincentego Witosa 23, 40-832 Katowice;ul.: Feliksa Bocheńskiego nr 56, Ignacego Mościckiego, Michała Ossowskiego.
246901;m. Katowice;Katowice;śląskie;114;1787;1430;0;Szkoła Podstawowa nr 33;Katowice;ul. Wincentego Witosa;23;;40-832;Katowice;stały;Tak;miasto;Szkoła Podstawowa nr 33, ul. Wincentego Witosa 23, 40-832 Katowice;ul.: Plac Św. Herberta, Wincentego Witosa.
246901;m. Katowice;Katowice;śląskie;115;1740;1474;1;Zespół Szkolno-Przedszkolny nr 8;Katowice;ul. Hetmańska;8;;40-560;Katowice;stały;Nie;miasto;Zespół Szkolno-Przedszkolny nr 8, ul. Hetmańska 8, 40-560 Katowice;ul.: Karola Adwentowicza, Grzyśki, Hetmańska, Kredytowa, Ligocka od nr 66 do końca parzyste, od nr 69 do nr 69C, od nr 119 do końca nieparzyste, Rębaczy, Rolna nr 8A, od nr 46 do końca parzyste, od nr 65 do końca nieparzyste, Strzałowa, Szadoka, Średnia, Tomasza, Załęska od nr 1 do nr 15B nieparzyste.
246901;m. Katowice;Katowice;śląskie;116;1083;917;0;Miejska Biblioteka Publiczna Filia Nr 32;Katowice;ul. Grzyśki;19A;;40-560;Katowice;stały;Tak;miasto;Miejska Biblioteka Publiczna Filia Nr 32, ul. Grzyśki 19A, 40-560 Katowice;ul.: ks. Jana Dzierżonia, Filarowa, Pokładowa, Wodospady, Wozaków.
246901;m. Katowice;Katowice;śląskie;117;2269;1804;1;Zespół Szkół Zawodowych Specjalnych nr 6;Katowice;ul. Rolna;22;;40-555;Katowice;stały;Tak;miasto;Zespół Szkół Zawodowych Specjalnych nr 6, ul. Rolna 22, 40-555 Katowice;ul.: Marii Dąbrowskiej, Kazimierza Gołby, Zbigniewa Herberta, Stefana Jaracza, Fryderyka Joliot-Curie, Zofii Kossak-Szczuckiej, Kępowa od nr 1 do nr 26E, Bolesława Leśmiana, Literatów, Elizy Orzeszkowej, Poetów, Rolna od nr 10 do nr 30 parzyste, od nr 15 do nr 63 nieparzyste, Leopolda Staffa, Juliana Tuwima, Gabrieli Zapolskiej.
246901;m. Katowice;Katowice;śląskie;118;2090;1810;3;Szkoła Podstawowa nr 11;Katowice;ul. Nasypowa;16;;40-551;Katowice;stały;Nie;miasto;Szkoła Podstawowa nr 11, ul. Nasypowa 16, 40-551 Katowice;ul.: Kazimierza Kluzika, Kępowa od nr 27 do końca, Józefa Ligęzy, Lubiny, Heleny Modrzejewskiej, Nasypowa, Władysława Orkana, Bogusława Parczewskiego, Połomińska, Jana Przyklinga, Rolna od nr 2 do nr 6 parzyste, od nr 1 do 9 nieparzyste, Teresy, Konstanego Woźniczki, Emila Zegadłowicza.
246901;m. Katowice;Katowice;śląskie;119;1994;1696;1;Zespół Szkolno-Przedszkolny nr 7;Katowice;ul. J. Gallusa;5;;40-594;Katowice;stały;Nie;miasto;Zespół Szkolno-Przedszkolny nr 7, ul. J. Gallusa 5, 40-594 Katowice;"ul.: Feliksa Bocheńskiego od nr 123 do końca nieparzyste, Brygadzistów, Dobrego Urobku, Dolna, Dziewięciu z ""Wujka"", Kochłowicka nr 63, Kombajnistów, Ligocka od nr 8 do nr 16 parzyste, od nr 9 do nr 65 nieparzyste, Nowa Bukowa, Okrężna, Wincentego Pola od nr 57 do końca, Plac Bernarda Poloka, Przekopowa, Przodowników, Plac NSZZ Solidarność, Stroma, Upadowa, Wilcze Kąty, Wrębowa, Załęska od nr 32 do końca parzyste, od nr 35 do końca nieparzyste, Załęska Hałda, Zgody."
246901;m. Katowice;Katowice;śląskie;120;1492;1300;2;Zespół Szkolno-Przedszkolny nr 7;Katowice;ul. J. Gallusa;5;;40-594;Katowice;stały;Nie;miasto;Zespół Szkolno-Przedszkolny nr 7, ul. J. Gallusa 5, 40-594 Katowice;ul.: J. Gallusa, Ligocka nr 2, 4, 4A, nr 6.
246901;m. Katowice;Katowice;śląskie;121;1511;1322;0;Zespół Szkół Technicznych i Ogólnokształcących nr 2;Katowice;ul. Mikołowska;131;;40-592;Katowice;stały;Tak;miasto;Zespół Szkół Technicznych i Ogólnokształcących nr 2, ul. Mikołowska 131, 40-592 Katowice;ul.: Boczna, Edwarda Bugli, Ligocka od nr 3 do nr 7E nieparzyste, Mikołowska od nr 113 do końca nieparzyste, Wincentego Pola od nr 1 do nr 32, Rycerska, Szybowa.
246901;m. Katowice;Katowice;śląskie;122;2772;2366;5;Szkoła Podstawowa nr 17;Katowice;ul. Jana Dekerta;1;;40-143;Katowice;stały;Nie;miasto;Szkoła Podstawowa nr 17, ul. Jana Dekerta 1, 40-143 Katowice;ul.: Alfreda, Plac Alfreda, Bytkowska, Bytomska, Ignacego Daszyńskiego, Jana Dekerta, Gnieźnieńska, Jodłowa, Józefowska od nr 72 do nr 84 parzyste, Mieczysława Karłowicza, Aleja Wojciecha Korfantego od nr 150 do końca parzyste, od nr 145 do końca nieparzyste, Lasek Alfreda, Oświęcimska, Teofila Patalonga, Jana Pietrusińskiego, Emilii Plater, Promienna, Stanisława Rożanowicza, ks. Jana Rzymełki, Strażacka, Telewizyjna, Walecznych.
246901;m. Katowice;Katowice;śląskie;123;1797;1458;1;Szkoła Podstawowa nr 17;Katowice;ul. Jana Dekerta;1;;40-143;Katowice;stały;Nie;miasto;Szkoła Podstawowa nr 17, ul. Jana Dekerta 1, 40-143 Katowice;ul.: Józefowska od nr 86 do końca parzyste, od nr 81 do końca nieparzyste.
246901;m. Katowice;Katowice;śląskie;124;1646;1353;2;"Miejski Dom Kultury ""Koszutka"" Filia ""Dąb""";Katowice;ul. Krzyżowa;1;;40-111;Katowice;stały;Tak;miasto;"Miejski Dom Kultury ""Koszutka"" Filia ""Dąb"", ul. Krzyżowa 1, 40-111 Katowice";ul.: Tomasza Kotlarza, Krzyżowa nr parzyste, prof. Jana Mikusińskiego od nr 20 do końca parzyste, od nr 1 do końca nieparzyste.
246901;m. Katowice;Katowice;śląskie;125;1562;1262;1;"Miejski Dom Kultury ""Koszutka"" Filia ""Dąb""";Katowice;ul. Krzyżowa;1;;40-111;Katowice;stały;Tak;miasto;"Miejski Dom Kultury ""Koszutka"" Filia ""Dąb"", ul. Krzyżowa 1, 40-111 Katowice";ul.: Plac Świętego Józefa Robotnika, prof. Jana Mikusińskiego od nr 8 do nr 16C parzyste, Feliksa Nowowiejskiego, Szczecińska nr nieparzyste.
246901;m. Katowice;Katowice;śląskie;126;1820;1576;0;XIV Liceum Ogólnokształcące;Katowice;ul. Józefowska;32;;40-144;Katowice;stały;Nie;miasto;XIV Liceum Ogólnokształcące, ul. Józefowska 32, 40-144 Katowice;ul.: Cisowa, Jesionowa nr parzyste, Józefowska od nr 2 do nr 54 parzyste, od nr 1 do nr 41 nieparzyste, Konduktorska, Aleja Wojciecha Korfantego od nr 114 do nr 148A parzyste, od nr 107 do nr 143 nieparzyste, hm. Oswalda Kozioła, Modelarska, Norwida, Nowy Świat, Owocowa, Park Wełnowiecki, Rysia, Słoneczna od nr 1 do nr 37 nieparzyste, od nr 2 do nr 46 parzyste.
246901;m. Katowice;Katowice;śląskie;127;1491;1214;1;"Miejski Dom Kultury ""Koszutka"" Filia ""Dąb""";Katowice;ul. Krzyżowa;1;;40-111;Katowice;stały;Tak;miasto;"Miejski Dom Kultury ""Koszutka"" Filia ""Dąb"", ul. Krzyżowa 1, 40-111 Katowice";ul.: Szczecińska nr parzyste, ks. Ściegiennego od nr 31 do końca nieparzyste.
246901;m. Katowice;Katowice;śląskie;128;1634;1424;3;Przedszkole nr 47;Katowice;ul. Słoneczna;60;;40-136;Katowice;stały;Tak;miasto;Przedszkole nr 47, ul. Słoneczna 60, 40-136 Katowice;ul.: Słoneczna od nr 60 do końca parzyste, od nr 65 do końca nieparzyste.
246901;m. Katowice;Katowice;śląskie;129;1666;1390;1;Zespół Szkolno-Przedszkolny nr 23;Katowice;ul. Kazimiery Iłłakowiczówny;13;;40-134;Katowice;stały;Tak;miasto;Zespół Szkolno-Przedszkolny nr 23, ul. Kazimiery Iłłakowiczówny 13, 40-134 Katowice;ul.: Władysława Broniewskiego od nr 18 do końca parzyste, od nr 7 do końca nieparzyste, Alfonsa Górnika, Kazimiery Iłłakowiczówny, Aleja Wojciecha Korfantego od nr 66 do nr 112 parzyste, Antoniego Słonimskiego, ks. kard. Stefana Wyszyńskiego.
246901;m. Katowice;Katowice;śląskie;130;1155;994;1;Zespół Szkolno-Przedszkolny nr 23;Katowice;ul. Kazimiery Iłłakowiczówny;13;;40-134;Katowice;stały;Tak;miasto;Zespół Szkolno-Przedszkolny nr 23, ul. Kazimiery Iłłakowiczówny 13, 40-134 Katowice;ul.: Władysława Broniewskiego od nr 1 do nr 5 nieparzyste, Plac Grunwaldzki, Aleja Wojciecha Korfantego od nr 56 do nr 64 parzyste, Misjonarzy Oblatów MN, Sokolska od nr 59 do końca nieparzyste.
246901;m. Katowice;Katowice;śląskie;131;1158;1045;1;Komunalny Zakład Gospodarki Mieszkaniowej Świetlica;Katowice;ul. Michała Grażyńskiego;5;;40-126;Katowice;stały;Tak;miasto;Komunalny Zakład Gospodarki Mieszkaniowej Świetlica, ul. Michała Grażyńskiego 5, 40-126 Katowice;ul.: Chorzowska od nr 1 do nr 11 nieparzyste, Bolesława Czerwińskiego, Michała Grażyńskiego od nr 2 do nr 18 parzyste, od nr 5 do nr 13A nieparzyste, Aleja Wojciecha Korfantego od nr 34 do nr 48 parzyste, Gustawa Morcinka od nr 1 do nr 17A nieparzyste, Sokolska od nr 43 do nr 57 nieparzyste
246901;m. Katowice;Katowice;śląskie;132;1953;1686;2;Miejska Biblioteka Publiczna, Filia nr 11;Katowice;ul. Michała Grażyńskiego;47;;40-126;Katowice;stały;Tak;miasto;Miejska Biblioteka Publiczna, Filia nr 11, ul. Michała Grażyńskiego 47, 40-126 Katowice;ul.: Park Alojzego Budnioka, Chorzowska od nr 13 do nr 69 nieparzyste, Xawerego Dunikowskiego, Michała Grażyńskiego od nr 20 do końca parzyste, od nr 15 do końca nieparzyste, Gustawa Morcinka od nr 19 do końca nieparzyste, Stefana Okrzei, Piłkarska, Sokolska od nr 46 do końca parzyste, Jana Nepomucena Stęślickiego.
246901;m. Katowice;Katowice;śląskie;133;1678;1531;0;Zespół Szkolno-Przedszkolny nr 17;Katowice;ul. Ordona;3D;;40-164;Katowice;stały;Tak;miasto;Zespół Szkolno-Przedszkolny nr 17, ul. Ordona 3D, 40-164 Katowice;ul.: Plac Gwarków, Jerzego Haralda, Katowicka od nr 52 do końca parzyste, od nr 37 do końca nieparzyste, Plac Wojciecha Kilara, Aleja Wojciecha Korfantego od nr 35 do nr 63 nieparzyste, Olimpijska nr parzyste, Ordona, Aleja Walentego Roździeńskiego nr 1A, 1B, Sławomira Skrzypka, Plac Sławika i Antalla.
246901;m. Katowice;Katowice;śląskie;134;1416;1218;2;IV Liceum Ogólnokształcące;Katowice;ul. Katowicka;54;;40-165;Katowice;stały;Nie;miasto;IV Liceum Ogólnokształcące, ul. Katowicka 54, 40-165 Katowice;ul.: Brzozowa nr parzyste, Cedrowa, Grabowa, Jesionowa nr nieparzyste, Kaktusów, Klonowa, Aleja Wojciecha Korfantego od nr 65 do nr 105 nieparzyste, Morwowa, Osikowa, Topolowa, Wierzbowa.
246901;m. Katowice;Katowice;śląskie;135;1338;1120;0;IV Liceum Ogólnokształcące;Katowice;ul. Katowicka;54;;40-165;Katowice;stały;Nie;miasto;IV Liceum Ogólnokształcące, ul. Katowicka 54, 40-165 Katowice;ul.: Brzozowa nr nieparzyste, Henryka Mikołaja Góreckiego, Górna, Karola Hoppego, Katowicka od nr 1 do nr 35A nieparzyste, od nr 2 do nr 50A parzyste, Olimpijska nr nieparzyste, Krzysztofa Pendereckiego.
246901;m. Katowice;Katowice;śląskie;136;1242;1079;2;IV Liceum Ogólnokształcące;Katowice;ul. Katowicka;54;;40-165;Katowice;stały;Nie;miasto;IV Liceum Ogólnokształcące, ul. Katowicka 54, 40-165 Katowice;ul: Modrzewiowa, Wiązowa.
246901;m. Katowice;Katowice;śląskie;137;2181;1851;0;Miejska Biblioteka Publiczna Filia nr 16;Katowice;ul. Wincentego Wajdy;21;;40-175;Katowice;stały;Tak;miasto;Miejska Biblioteka Publiczna Filia nr 16, ul. Wincentego Wajdy 21, 40-175 Katowice;ul.: ks. Franciszka Blachnickiego, Karoliny, Ludwika, Na Obrzeżu, Wincentego Wajdy, Plac Wincentego Wajdy.
246901;m. Katowice;Katowice;śląskie;138;1880;1520;3;Szkoła Podstawowa nr 39 Specjalna;Katowice;ul. ks. Franciszka Ścigały;17;;40-208;Katowice;stały;Tak;miasto;Szkoła Podstawowa nr 39 Specjalna, ul. ks. Franciszka Ścigały 17, 40-208 Katowice;ul.: ks. Norberta Bończyka, Ignacego Kraszewskiego, Leopolda Markiefki od nr 84 do końca parzyste, Krzysztofa Mieroszewskiego, Nadgórników, Park Bogucki, Sandomierska, ks. Franciszka Ścigały.
246901;m. Katowice;Katowice;śląskie;139;1407;1172;0;"Miejski Dom Kultury ""Bogucice-Zawodzie""";Katowice;ul. Leopolda Markiefki;44A;;40-213;Katowice;stały;Tak;miasto;"Miejski Dom Kultury ""Bogucice-Zawodzie"", ul. Leopolda Markiefki 44A, 40-213 Katowice";ul.: Tadeusza Dobrowolskiego, Grabonia, Zofii Koniarkowej, Kopalniana, Kowalska, Krakusa, Kręta, Leopolda Markiefki od nr 2 do nr 82 parzyste, nr nieparzyste, Plac Ojca Józefa Nieborowskiego, Nowa, Piotra, Aleja Walentego Roździeńskiego od nr 7 do nr 93A nieparzyste, Ryszarda, Sztygarska, Węglana, Bruno Żogały.
246901;m. Katowice;Katowice;śląskie;140;1990;1606;0;Zespół Szkolno-Przedszkolny nr 4;Katowice;ul. W. Wróblewskiego;42 - 44;;40-214;Katowice;stały;Tak;miasto;Zespół Szkolno-Przedszkolny nr 4, ul. W. Wróblewskiego 42 - 44, 40-214 Katowice;ul.: Chrześcijan Baptystów, Leopolda, Łużycka, Morawska, Normy, Nowotarska, Podhalańska, Puławska, Słowiańska, Wiślana, Wrocławska, W. Wróblewskiego, Zakopiańska
246901;m. Katowice;Katowice;śląskie;141;1972;1625;2;Zespół Szkolno-Przedszkolny nr 19;Katowice;ul. Słowiańska;1;;40-216;Katowice;stały;Nie;miasto;Zespół Szkolno-Przedszkolny nr 19, ul. Słowiańska 1, 40-216 Katowice;ul: Karpacka, Kujawska, Kurpiowska, Lubuska
246901;m. Katowice;Katowice;śląskie;142;1243;1065;0;Zespół Szkolno-Przedszkolny nr 5;Katowice;al. Aleja Walentego Roździeńskiego;82;;40-203;Katowice;stały;Tak;miasto;Zespół Szkolno-Przedszkolny nr 5, al. Aleja Walentego Roździeńskiego 82, 40-203 Katowice;ul.: Aleja Walentego Roździeńskiego nr 82 , 86, 86A, 88, 90.
246901;m. Katowice;Katowice;śląskie;143;980;856;0;Zespół Szkolno-Przedszkolny nr 5;Katowice;al. Aleja Walentego Roździeńskiego;82;;40-203;Katowice;stały;Tak;miasto;Zespół Szkolno-Przedszkolny nr 5, al. Aleja Walentego Roździeńskiego 82, 40-203 Katowice;ul.: Aleja Walentego Roździeńskiego nr 96, 98, 100.
246901;m. Katowice;Katowice;śląskie;144;1295;1091;0;X Liceum Ogólnokształcące;Katowice;ul. Karola Miarki;6;;40-224;Katowice;stały;Tak;miasto;X Liceum Ogólnokształcące, ul. Karola Miarki 6, 40-224 Katowice;ul.: 1 Maja od nr 1 do nr 53E, Akademicka, Bogucicka, Stefana Czarnieckiego, Bronisława Czecha, Drzewna, Długa, Jerzego Dudy-Gracza, Floriana od nr 1 do nr 5, Graniczna nr 8, od nr 11 do nr 15 nieparzyste, Karola, Władysława Łokietka, Karola Miarki, Nad Potokiem, Ignacego Paderewskiego od nr 1 do nr 6, Mikołaja Reja, Tadeusza Rejtana.
246901;m. Katowice;Katowice;śląskie;145;2283;1923;1;Zespół Szkół nr 1;Katowice;ul. Stanisława Staszica;2;;40-230;Katowice;stały;Nie;miasto;Zespół Szkół nr 1, ul. Stanisława Staszica 2, 40-230 Katowice;ul. 1 Maja od nr 55 do nr 93C nieparzyste, Bagienna nr 2, Bohaterów Monte Cassino, Gabriela Hałubki, Piaskowa, Aleja Walentego Roździeńskiego od nr 102 do nr 188H parzyste, Stanisława Staszica, Waleriana.
246901;m. Katowice;Katowice;śląskie;146;1169;1050;0;Zespół Szkół nr 1;Katowice;ul. Stanisława Staszica;2;;40-230;Katowice;stały;Nie;miasto;Zespół Szkół nr 1, ul. Stanisława Staszica 2, 40-230 Katowice;ul.: 1 Maja od nr 88 do nr 148 parzyste, Cynkowa, Hutnicza, Murckowska nr 5A, Piotra Niedurnego, Porcelanowa, Racławicka, Stanisława Żółkiewskiego.
246901;m. Katowice;Katowice;śląskie;147;1150;986;0;"Miejski Dom Kultury ""Bogucice-Zawodzie""";Katowice;ul. Karola Marcinkowskiego;13;;40-233;Katowice;stały;Tak;miasto;"Miejski Dom Kultury ""Bogucice-Zawodzie"", ul. Karola Marcinkowskiego 13, 40-233 Katowice";ul.: 1 Maja od nr 150 do końca parzyste, od nr 95 do końca nieparzyste, Braci Stawowych, Burowiecka, Pawła Chromika, Łączna.
246901;m. Katowice;Katowice;śląskie;148;1513;1262;0;"Miejski Dom Kultury ""Bogucice-Zawodzie""";Katowice;ul. Karola Marcinkowskiego;13;;40-233;Katowice;stały;Tak;miasto;"Miejski Dom Kultury ""Bogucice-Zawodzie"", ul. Karola Marcinkowskiego 13, 40-233 Katowice";ul.: Karola Marcinkowskiego, Saint Etienne, Szeroka, Stanisława Wyspiańskiego.
246901;m. Katowice;Katowice;śląskie;149;0;81;0;"Dom Pomocy Społecznej ""Przystań""";Katowice;ul. Ks. bpa Stanisława Adamskiego;22;;40-069;Katowice;dom pomocy społecznej;Nie;miasto;"Dom Pomocy Społecznej ""Przystań"", ul. Ks. bpa Stanisława Adamskiego 22, 40-069 Katowice";"Dom Pomocy Społecznej ""Przystań"", ul. Ks. bpa Stanisława Adamskiego 22"
246901;m. Katowice;Katowice;śląskie;150;0;91;0;"Dom Pomocy Społecznej ""Zacisze""";Katowice;ul. Traktorzystów;42;;40-695;Katowice;dom pomocy społecznej;Nie;miasto;"Dom Pomocy Społecznej ""Zacisze"", ul. Traktorzystów 42, 40-695 Katowice";"Dom Pomocy Społecznej ""Zacisze"", ul. Traktorzystów 42"
246901;m. Katowice;Katowice;śląskie;151;0;182;0;"""Senior Residence"" Dom Pomocy Społecznej";Katowice;ul. Pijarska;4;;40-750;Katowice;dom pomocy społecznej;Nie;miasto;"""Senior Residence"" Dom Pomocy Społecznej, ul. Pijarska 4, 40-750 Katowice";"""Senior Residence"" Dom Pomocy Społecznej, ul. Pijarska 4; Placówka świadcząca całodobową opiekę, ul. Franciszka Zabłockiego 26"
246901;m. Katowice;Katowice;śląskie;152;0;337;0;Areszt Śledczy Katowice;Katowice;ul. Mikołowska;10A;;40-067;Katowice;areszt śledczy;Nie;miasto;Areszt Śledczy Katowice, ul. Mikołowska 10A, 40-067 Katowice;Areszt Śledczy, ul. Mikołowska 10A
246901;m. Katowice;Katowice;śląskie;153;0;102;0;Zakład Opieki Zdrowotnej;Katowice;ul. Wita Stwosza;39-41;;40-042;Katowice;zakład leczniczy;Nie;miasto;Zakład Opieki Zdrowotnej, ul. Wita Stwosza 39-41, 40-042 Katowice;Zakład Opieki Zdrowotnej, ul. Wita Stwosza 39-41
246901;m. Katowice;Katowice;śląskie;154;0;88;0;Szpital;Katowice;ul. Władysława Stanisława Reymonta;8;;40-029;Katowice (wejście od ulicy Henryka Dąbrowskiego);zakład leczniczy;Nie;miasto;Szpital, Katowice ul. Władysława Stanisława Reymonta 8, 40-029 Katowice (wejście od ulicy Henryka Dąbrowskiego);Szpital, ul. Francuska 20-24
246901;m. Katowice;Katowice;śląskie;155;0;92;0;Szpital;Katowice;ul. Alfreda Sokołowskiego;2;;40-749;Katowice;zakład leczniczy;Nie;miasto;Szpital, ul. Alfreda Sokołowskiego 2, 40-749 Katowice;Szpital, ul. Alfreda Sokołowskiego 2
246901;m. Katowice;Katowice;śląskie;156;0;249;0;Szpital;Katowice;ul. Ziołowa;45;;40-635;Katowice;zakład leczniczy;Nie;miasto;Szpital, ul. Ziołowa 45, 40-635 Katowice;Szpital, ul. Ziołowa 45
246901;m. Katowice;Katowice;śląskie;157;0;257;0;Szpital;Katowice;ul. Medyków;14;;40-752;Katowice;zakład leczniczy;Nie;miasto;Szpital, ul. Medyków 14, 40-752 Katowice;Szpital, ul. Medyków 14
246901;m. Katowice;Katowice;śląskie;158;0;26;0;Szpital;Katowice;ul. Leopolda Markiefki;87;;40-211;Katowice;zakład leczniczy;Nie;miasto;Szpital, ul. Leopolda Markiefki 87, 40-211 Katowice;Szpital, ul. Leopolda Markiefki 87
246901;m. Katowice;Katowice;śląskie;159;0;163;0;Szpital;Katowice;ul. dr Janusza Korczaka;27;;40-340;Katowice;zakład leczniczy;Nie;miasto;Szpital, ul. dr Janusza Korczaka 27, 40-340 Katowice;Szpital, ul. dr Janusza Korczaka 27
246901;m. Katowice;Katowice;śląskie;160;0;46;0;Szpital;Katowice;ul. Raciborska;27;;40-074;Katowice;zakład leczniczy;Nie;miasto;Szpital, ul. Raciborska 27, 40-074 Katowice;Szpital, ul. Raciborska 27
246901;m. Katowice;Katowice;śląskie;161;0;45;0;Szpital;Katowice;ul. Strzelecka;9;;40-073;Katowice;zakład leczniczy;Nie;miasto;Szpital, ul. Strzelecka 9, 40-073 Katowice;Szpital, ul. Strzelecka 9
246901;m. Katowice;Katowice;śląskie;162;0;54;0;Szpital;Katowice;ul. Józefowska;119;;40-145;Katowice;zakład leczniczy;Nie;miasto;Szpital, ul. Józefowska 119, 40-145 Katowice;Szpital, ul. Józefowska 119
246901;m. Katowice;Katowice;śląskie;163;0;15;0;Szpital;Katowice;ul. Warszawska;52;;40-008;Katowice;zakład leczniczy;Nie;miasto;Szpital, ul. Warszawska 52, 40-008 Katowice;Szpital, ul. Warszawska 52
246901;m. Katowice;Katowice;śląskie;164;0;12;0;Szpital;Katowice;ul. Panewnicka;65;;40-760;Katowice;zakład leczniczy;Nie;miasto;Szpital, ul. Panewnicka 65, 40-760 Katowice;Szpital, ul. Panewnicka 65
246901;m. Katowice;Katowice;śląskie;165;0;26;0;Szpital;Katowice;ul. Ceglana;35;;40-514;Katowice;zakład leczniczy;Nie;miasto;Szpital, ul. Ceglana 35, 40-514 Katowice;Szpital, ul. Ceglana 35
246901;m. Katowice;Katowice;śląskie;166;0;57;0;Szpital;Katowice;ul. Morawa;31;;40-353;Katowice;zakład leczniczy;Nie;miasto;Szpital, ul. Morawa 31, 40-353 Katowice;"Szpital, ul. Morawa 31; Dom Opieki dla Osób Starszych, ul. Morawa 31"
246901;m. Katowice;Katowice;śląskie;167;0;192;0;Szpital;Katowice;ul. Ziołowa;47;;40-635;Katowice;zakład leczniczy;Nie;miasto;Szpital, ul. Ziołowa 47, 40-635 Katowice;Szpital, ul. Ziołowa 47
246901;m. Katowice;Katowice;śląskie;168;0;24;0;Szpital;Katowice;ul. Wita Stwosza;41;;40-042;Katowice;zakład leczniczy;Nie;miasto;Szpital, ul. Wita Stwosza 41, 40-042 Katowice;Szpital, ul. Wita Stwosza 41
